,License #,is_ADU_builder,ADU_performance_score,Bldg-New_count,Bldg-Alter/Repair_count,Bldg-Addition_count,2020_proj_count,2019_proj_count,2018_proj_count,2017_proj_count,2016_proj_count,2015_proj_count,2014_proj_count,2013_proj_count,experience,non_ADU_proj_count,non_ADU_avg_insp,non_ADU_avg_time_per_insp
2,936962.0,True,5.594714109419992,0.0,37.0,8.0,3.0,7.0,12.0,9.0,7.0,3.0,2.0,2.0,2658,43,7.627906976744186,27.066980331190315
16,734381.0,True,17.01017840500599,10.0,3.0,6.0,0.0,1.0,1.0,3.0,3.0,6.0,3.0,2.0,2091,17,13.529411764705882,37.569904082845255
17,851344.0,True,19.814063368538076,0.0,18.0,11.0,0.0,5.0,1.0,5.0,9.0,4.0,3.0,2.0,1959,25,6.68,21.64240906805612
18,1034806.0,True,5.818181818181818,0.0,7.0,2.0,2.0,5.0,2.0,0.0,0.0,0.0,0.0,0.0,2283,8,6.0,8.618055555555557
21,1024554.0,True,18.333333333333332,0.0,6.0,1.0,1.0,1.0,3.0,2.0,0.0,0.0,0.0,0.0,2197,6,4.666666666666667,44.525
23,1044615.0,True,4.25,0.0,4.0,0.0,0.0,4.0,0.0,0.0,0.0,0.0,0.0,0.0,1497,3,5.333333333333333,13.026190476190477
33,875130.0,True,10.002673353816494,0.0,12.0,4.0,1.0,4.0,3.0,5.0,1.0,1.0,0.0,1.0,972,13,6.3076923076923075,22.932445759368836
36,835794.0,True,12.833333333333334,0.0,1.0,5.0,0.0,1.0,1.0,1.0,0.0,2.0,1.0,0.0,1422,5,8.8,48.98742424242424
37,393769.0,True,27.166666666666668,0.0,17.0,0.0,0.0,2.0,2.0,2.0,2.0,4.0,2.0,3.0,1301,16,6.5625,18.79575892857143
38,538538.0,True,16.42205396475771,1.0,30.0,10.0,0.0,3.0,6.0,9.0,8.0,6.0,5.0,4.0,2273,39,7.666666666666667,27.382448641102492
39,993435.0,True,17.0,0.0,6.0,2.0,0.0,5.0,0.0,1.0,1.0,0.0,1.0,0.0,756,7,10.714285714285714,19.693131868131868
40,1030887.0,True,21.17531104781892,0.0,6.0,0.0,1.0,5.0,0.0,0.0,0.0,0.0,0.0,0.0,2448,4,6.5,8.891346153846154
45,989530.0,True,9.0,3.0,3.0,0.0,0.0,1.0,0.0,2.0,2.0,1.0,0.0,0.0,1225,5,11.2,17.341666666666665
50,1025507.0,True,25.480489536303494,11.0,3.0,120.0,0.0,5.0,74.0,55.0,0.0,0.0,0.0,0.0,2652,131,16.374045801526716,22.5125299434125
53,832632.0,True,24.150478321600172,3.0,1.0,17.0,0.0,4.0,6.0,4.0,4.0,1.0,2.0,0.0,2389,14,9.571428571428571,46.280574881467736
54,965193.0,True,20.375,5.0,14.0,16.0,1.0,2.0,3.0,3.0,7.0,9.0,3.0,7.0,2599,34,8.588235294117647,26.544473949253362
61,962170.0,True,7.6000000000000005,1.0,0.0,1.0,0.0,1.0,1.0,0.0,0.0,0.0,0.0,0.0,377,1,10.0,20.5
63,825670.0,True,7.125,0.0,3.0,5.0,0.0,1.0,1.0,1.0,1.0,2.0,1.0,1.0,1239,7,10.857142857142858,42.74747474747475
64,1023605.0,True,13.197695377651382,2.0,15.0,5.0,0.0,11.0,10.0,1.0,0.0,0.0,0.0,0.0,2324,5,7.4,13.146666666666667
65,617148.0,True,10.227306309904153,2.0,128.0,24.0,1.0,25.0,46.0,23.0,21.0,21.0,9.0,8.0,2588,151,8.059602649006623,16.35148577433347
67,993102.0,True,8.283983731384247,492.0,13.0,27.0,0.0,68.0,99.0,88.0,123.0,115.0,39.0,0.0,2723,527,12.696394686907022,16.093451444817816
70,826744.0,True,11.819356175739156,0.0,7.0,7.0,2.0,3.0,7.0,1.0,1.0,0.0,0.0,0.0,1343,12,7.583333333333333,16.125702075702076
72,850444.0,True,11.657942024873504,0.0,19.0,14.0,0.0,2.0,5.0,7.0,7.0,5.0,4.0,3.0,2604,30,8.766666666666667,31.870478569961325
76,509594.0,True,11.166666666666666,1.0,6.0,24.0,0.0,1.0,3.0,1.0,10.0,3.0,6.0,7.0,2505,30,11.866666666666667,31.08577227791701
84,997656.0,True,24.737050163576882,4.0,0.0,4.0,0.0,0.0,5.0,3.0,0.0,0.0,0.0,0.0,678,6,11.333333333333334,78.63826089845826
90,649194.0,True,23.90909090909091,5.0,6.0,3.0,0.0,3.0,2.0,3.0,2.0,1.0,1.0,2.0,1421,13,8.384615384615385,21.98447449985911
92,977445.0,True,11.666666666666666,0.0,4.0,6.0,0.0,0.0,1.0,1.0,1.0,5.0,1.0,1.0,2672,9,13.88888888888889,25.15358429696665
94,1021444.0,True,5.857142857142857,0.0,7.0,2.0,0.0,5.0,1.0,3.0,0.0,0.0,0.0,0.0,2410,8,5.75,13.141964285714284
96,1030973.0,True,16.166666666666668,11.0,2.0,0.0,0.0,2.0,8.0,3.0,0.0,0.0,0.0,0.0,517,12,11.833333333333334,31.21792464071876
101,957756.0,True,13.470968908170644,0.0,2.0,3.0,0.0,2.0,1.0,2.0,0.0,0.0,0.0,0.0,1001,3,13.333333333333334,19.024216524216524
104,990795.0,True,11.904761904761905,4.0,2.0,10.0,0.0,2.0,3.0,2.0,6.0,3.0,0.0,0.0,2672,15,11.066666666666666,29.87570688083846
105,1016942.0,True,5.450144239717104,0.0,17.0,1.0,0.0,4.0,8.0,6.0,0.0,0.0,0.0,0.0,2521,16,6.1875,17.191245039682542
106,1038932.0,True,7.799999999999999,1.0,2.0,1.0,0.0,4.0,0.0,0.0,0.0,0.0,0.0,0.0,2077,3,7.333333333333333,24.00595238095238
107,992968.0,True,19.834525537355724,4.0,34.0,16.0,0.0,3.0,11.0,21.0,9.0,7.0,3.0,0.0,2497,50,9.1,21.26607295608394
108,911849.0,True,4.6,0.0,9.0,4.0,1.0,5.0,3.0,2.0,2.0,0.0,0.0,0.0,2079,12,7.25,37.295701058201054
110,982481.0,True,8.142857142857142,0.0,2.0,8.0,0.0,5.0,3.0,0.0,1.0,1.0,0.0,0.0,918,9,11.555555555555555,28.96759058842392
114,818851.0,True,12.386958904109589,4.0,19.0,4.0,0.0,4.0,5.0,1.0,4.0,1.0,1.0,11.0,2687,24,6.708333333333333,39.48591113747363
116,908306.0,True,28.00256854254181,0.0,6.0,9.0,0.0,7.0,6.0,0.0,0.0,0.0,0.0,2.0,2652,7,12.0,16.866407203907205
127,1016401.0,True,24.300841989805793,0.0,2.0,2.0,1.0,0.0,3.0,0.0,0.0,0.0,0.0,0.0,328,2,7.5,22.95
132,910533.0,True,24.272727272727273,23.0,1.0,0.0,0.0,8.0,13.0,1.0,2.0,0.0,0.0,0.0,2599,23,13.956521739130435,22.934954146002067
133,834794.0,True,9.173913043478262,204.0,2.0,4.0,0.0,15.0,32.0,29.0,33.0,44.0,19.0,38.0,2716,209,13.325358851674642,20.933946110614748
137,852273.0,True,14.725881810789867,1.0,61.0,12.0,1.0,7.0,9.0,10.0,10.0,12.0,12.0,13.0,2556,71,8.169014084507042,17.964208034899833
139,989072.0,True,23.166666666666668,0.0,4.0,1.0,0.0,1.0,1.0,2.0,0.0,1.0,0.0,0.0,1247,4,7.25,21.753205128205128
141,1006766.0,True,7.791339043251575,0.0,22.0,6.0,2.0,4.0,10.0,8.0,2.0,2.0,0.0,0.0,2662,24,6.583333333333333,23.78860930735931
144,953200.0,True,10.775906834669723,5.0,0.0,3.0,0.0,7.0,0.0,0.0,0.0,0.0,1.0,0.0,2259,3,6.666666666666667,42.1
147,877780.0,True,5.177504539797189,1.0,5.0,6.0,0.0,2.0,5.0,1.0,1.0,1.0,1.0,1.0,2219,9,6.666666666666667,24.96203703703704
151,1019003.0,True,22.909468939839307,0.0,6.0,2.0,0.0,1.0,5.0,2.0,0.0,0.0,0.0,0.0,1007,6,8.333333333333334,27.3457264957265
159,773147.0,True,16.485166811914816,0.0,135.0,30.0,2.0,22.0,35.0,19.0,30.0,22.0,5.0,30.0,2507,159,6.566037735849057,15.150643239072755
163,647690.0,True,12.270928981348638,0.0,2.0,6.0,0.0,0.0,0.0,8.0,0.0,0.0,0.0,0.0,1728,6,8.5,56.37777777777777
164,894311.0,True,5.0476190476190474,6.0,9.0,29.0,0.0,2.0,9.0,10.0,6.0,9.0,1.0,7.0,2527,43,13.325581395348838,20.654980948920166
168,1009285.0,True,15.692307692307692,0.0,10.0,1.0,0.0,5.0,3.0,3.0,0.0,0.0,0.0,0.0,1784,10,5.5,18.483174603174604
171,1021841.0,True,24.049691908311257,1.0,20.0,8.0,0.0,17.0,12.0,0.0,0.0,0.0,0.0,0.0,1675,24,7.291666666666667,28.082578532578527
174,836896.0,True,26.749999999999996,2.0,6.0,4.0,0.0,2.0,0.0,1.0,4.0,2.0,0.0,3.0,2612,11,11.0,18.953577055355712
175,837987.0,True,21.625,1.0,31.0,11.0,1.0,9.0,9.0,6.0,4.0,10.0,4.0,0.0,2687,42,6.857142857142857,25.443679138321993
177,858940.0,True,13.133333333333333,0.0,1.0,7.0,0.0,0.0,4.0,1.0,0.0,1.0,2.0,0.0,1888,7,11.0,49.80212842712843
181,932510.0,True,13.6,0.0,28.0,8.0,0.0,4.0,6.0,3.0,6.0,6.0,4.0,7.0,2351,35,5.885714285714286,33.90673469387755
182,957111.0,True,26.16,1.0,13.0,3.0,0.0,5.0,5.0,4.0,2.0,1.0,0.0,0.0,2717,16,7.3125,18.324057539682542
209,995455.0,True,7.25,0.0,1.0,2.0,0.0,0.0,1.0,1.0,1.0,0.0,0.0,0.0,142,2,12.0,31.188811188811187
210,1011059.0,True,44.75933756166314,0.0,7.0,5.0,0.0,0.0,8.0,4.0,0.0,0.0,0.0,0.0,2375,10,7.5,31.705555555555556
213,961554.0,True,21.789473684210527,5.0,2.0,1.0,0.0,2.0,2.0,0.0,4.0,0.0,0.0,0.0,2393,7,10.0,36.55673057101629
215,960749.0,True,16.837487153134635,0.0,14.0,10.0,1.0,0.0,5.0,3.0,6.0,3.0,1.0,5.0,2696,22,8.954545454545455,21.096620298893022
217,1038048.0,True,23.644202274226725,0.0,2.0,5.0,0.0,2.0,5.0,0.0,0.0,0.0,0.0,0.0,523,4,8.5,39.2375
222,1024897.0,True,16.969595438001758,3.0,1.0,3.0,0.0,1.0,6.0,0.0,0.0,0.0,0.0,0.0,2729,5,9.8,35.64896103896104
223,891847.0,True,5.090909090909091,1.0,15.0,5.0,0.0,1.0,2.0,5.0,6.0,2.0,2.0,3.0,2679,20,7.5,34.86851190476191
225,1039029.0,True,41.0,2.0,0.0,0.0,0.0,1.0,1.0,0.0,0.0,0.0,0.0,0.0,224,1,5.0,88.4
226,972213.0,True,3.769230769230769,0.0,1.0,1.0,0.0,1.0,1.0,0.0,0.0,0.0,0.0,0.0,280,1,8.0,30.25
239,961589.0,True,7.938196767001115,2.0,6.0,5.0,0.0,3.0,2.0,1.0,3.0,1.0,3.0,0.0,1836,11,10.545454545454545,32.95252580752581
240,573067.0,True,14.285936634826097,11.0,21.0,16.0,3.0,16.0,12.0,3.0,2.0,6.0,3.0,3.0,2584,42,8.619047619047619,22.588116322675145
243,1021275.0,True,41.0,0.0,2.0,1.0,0.0,0.0,2.0,1.0,0.0,0.0,0.0,0.0,2144,2,7.0,27.05
244,909023.0,True,10.64,1.0,21.0,4.0,2.0,6.0,4.0,3.0,4.0,4.0,1.0,2.0,2624,25,6.84,16.55999567099567
245,382916.0,True,9.6,0.0,5.0,0.0,0.0,2.0,0.0,0.0,0.0,2.0,1.0,0.0,2547,4,6.75,122.52321428571429
246,989378.0,True,15.750000000000002,0.0,6.0,1.0,0.0,5.0,1.0,0.0,1.0,0.0,0.0,0.0,968,6,6.166666666666667,18.77314814814815
247,993473.0,True,16.38095238095238,0.0,15.0,2.0,0.0,5.0,4.0,1.0,5.0,2.0,0.0,0.0,2595,16,7.75,16.467658730158732
250,1009857.0,True,49.125,9.0,9.0,2.0,0.0,5.0,2.0,5.0,8.0,0.0,0.0,0.0,1878,19,11.842105263157896,21.627650883688034
252,515469.0,True,6.643834940766603,3.0,58.0,18.0,2.0,4.0,11.0,6.0,8.0,19.0,8.0,21.0,2591,75,7.8933333333333335,16.956627418390582
258,956454.0,True,16.42105263157895,1.0,3.0,11.0,0.0,2.0,3.0,0.0,1.0,7.0,1.0,1.0,2343,14,9.857142857142858,24.870123329051893
260,1010734.0,True,24.928571428571427,0.0,5.0,0.0,0.0,3.0,1.0,1.0,0.0,0.0,0.0,0.0,1148,4,4.0,10.5625
264,990126.0,True,3.1666666666666665,0.0,6.0,1.0,0.0,1.0,4.0,0.0,1.0,1.0,0.0,0.0,2380,6,5.833333333333333,47.31388888888889
265,979211.0,True,3.6504854368932036,7.0,6.0,15.0,0.0,2.0,2.0,6.0,8.0,4.0,6.0,0.0,2533,26,11.423076923076923,20.12697572680158
266,711380.0,True,59.03969171483622,0.0,3.0,6.0,0.0,1.0,3.0,3.0,1.0,1.0,0.0,0.0,2626,7,9.714285714285714,64.6999533146592
268,479539.0,True,21.19047619047619,6.0,5.0,2.0,0.0,2.0,0.0,2.0,1.0,3.0,4.0,1.0,2378,12,12.0,49.180291005291004
275,892123.0,True,4.571428571428571,6.0,17.0,6.0,0.0,3.0,3.0,4.0,7.0,4.0,6.0,2.0,2203,28,8.0,31.289075878173623
278,960211.0,True,15.909090909090908,0.0,5.0,5.0,0.0,2.0,0.0,1.0,1.0,1.0,2.0,3.0,2703,9,9.11111111111111,23.170238095238094
279,788724.0,True,9.0,1.0,1.0,0.0,0.0,1.0,1.0,0.0,0.0,0.0,0.0,0.0,321,1,20.0,19.85
284,942151.0,True,29.666666666666668,3.0,5.0,1.0,0.0,3.0,0.0,2.0,0.0,1.0,0.0,3.0,852,8,11.625,35.53076229326229
286,932102.0,True,41.29010933129927,0.0,3.0,5.0,0.0,2.0,1.0,0.0,1.0,0.0,3.0,1.0,834,6,7.833333333333333,18.9720658970659
287,1024126.0,True,11.996640530320875,0.0,2.0,2.0,0.0,2.0,2.0,0.0,0.0,0.0,0.0,0.0,1878,2,10.5,7.347222222222221
294,771100.0,True,7.692307692307692,1.0,4.0,8.0,0.0,4.0,2.0,0.0,1.0,4.0,1.0,1.0,2060,12,12.333333333333334,35.52127525252525
298,790477.0,True,7.333333333333333,1.0,1.0,0.0,0.0,0.0,2.0,0.0,0.0,0.0,0.0,0.0,1352,1,4.0,57.0
299,933353.0,True,23.769230769230774,0.0,5.0,3.0,0.0,1.0,2.0,0.0,0.0,0.0,3.0,2.0,923,7,9.857142857142858,56.22281527995814
303,958193.0,True,15.670376245806457,1.0,40.0,23.0,3.0,6.0,10.0,5.0,4.0,19.0,9.0,8.0,2721,60,7.233333333333333,20.704173650892717
304,1021458.0,True,18.42550505050505,5.0,3.0,4.0,0.0,2.0,4.0,4.0,2.0,0.0,0.0,0.0,1763,10,14.7,28.64235716390889
306,855010.0,True,15.94557412574782,12.0,35.0,19.0,0.0,10.0,16.0,21.0,8.0,6.0,1.0,4.0,2681,57,7.350877192982456,33.171228776956326
307,955824.0,True,10.16457714619156,2.0,73.0,13.0,3.0,20.0,26.0,15.0,6.0,9.0,5.0,4.0,2680,72,6.916666666666667,16.99127034231201
310,1005309.0,True,15.500000000000002,0.0,1.0,6.0,0.0,0.0,1.0,1.0,1.0,4.0,0.0,0.0,628,6,6.5,52.09166666666667
311,663409.0,True,4.666666666666667,0.0,26.0,2.0,2.0,7.0,4.0,4.0,1.0,4.0,1.0,5.0,1288,27,4.666666666666667,33.898589065255734
314,424795.0,True,42.92307692307692,2.0,5.0,9.0,0.0,0.0,1.0,4.0,1.0,4.0,3.0,3.0,1461,15,11.466666666666667,31.142698773448775
315,966738.0,True,14.054356514788171,8.0,10.0,16.0,0.0,8.0,7.0,7.0,6.0,5.0,1.0,0.0,2032,32,13.34375,15.716903148047251
318,1007078.0,True,25.500000000000004,0.0,3.0,2.0,0.0,2.0,2.0,1.0,0.0,0.0,0.0,0.0,2469,4,7.0,33.48079004329004
323,1035143.0,True,3.5,0.0,3.0,0.0,0.0,3.0,0.0,0.0,0.0,0.0,0.0,0.0,1293,2,4.0,15.375
329,1043668.0,True,8.7,0.0,2.0,0.0,0.0,1.0,1.0,0.0,0.0,0.0,0.0,0.0,656,1,7.0,10.0
331,994709.0,True,25.391304347826086,0.0,1.0,1.0,0.0,0.0,2.0,0.0,0.0,0.0,0.0,0.0,1909,1,12.0,34.75
334,935108.0,True,8.333333333333334,0.0,16.0,0.0,2.0,6.0,5.0,2.0,1.0,0.0,0.0,0.0,2612,15,5.533333333333333,22.332777777777782
337,1039164.0,True,13.75,0.0,3.0,0.0,0.0,3.0,0.0,0.0,0.0,0.0,0.0,0.0,232,2,4.0,15.875
344,932094.0,True,22.471571342144454,0.0,60.0,4.0,1.0,2.0,11.0,10.0,6.0,12.0,2.0,20.0,2659,61,6.131147540983607,12.18014571948998
345,1034984.0,True,12.632627974361224,0.0,2.0,1.0,0.0,2.0,1.0,0.0,0.0,0.0,0.0,0.0,209,1,12.0,20.833333333333332
352,930166.0,True,38.303670385030586,1.0,21.0,12.0,0.0,5.0,3.0,6.0,2.0,6.0,6.0,6.0,2513,32,6.84375,41.749914102441686
353,937833.0,True,14.325565908080359,0.0,15.0,7.0,0.0,3.0,5.0,2.0,3.0,4.0,3.0,2.0,2715,18,6.5,48.13769841269842
369,905605.0,True,16.843749999999996,0.0,6.0,4.0,0.0,1.0,2.0,2.0,1.0,1.0,2.0,1.0,1799,8,8.375,23.853440656565652
371,976267.0,True,19.902532838172974,39.0,15.0,23.0,0.0,2.0,9.0,7.0,11.0,18.0,20.0,10.0,2508,73,11.520547945205479,35.15753680040817
374,939885.0,True,12.0,0.0,36.0,4.0,0.0,6.0,6.0,4.0,6.0,7.0,3.0,8.0,2708,39,6.256410256410256,14.247973322973326
383,1035916.0,True,5.133333333333334,0.0,6.0,0.0,0.0,4.0,2.0,0.0,0.0,0.0,0.0,0.0,588,5,7.6,31.695714285714285
390,827771.0,True,2.9166666666666665,0.0,2.0,2.0,0.0,2.0,0.0,1.0,0.0,1.0,0.0,0.0,229,3,10.333333333333334,24.643790849673206
395,485114.0,True,8.714285714285714,0.0,10.0,4.0,0.0,1.0,1.0,4.0,3.0,2.0,0.0,3.0,2529,13,7.769230769230769,34.60123626373626
398,735996.0,True,8.75,2.0,16.0,3.0,0.0,1.0,1.0,3.0,2.0,3.0,3.0,8.0,2626,20,6.9,51.01747564935065
408,801178.0,True,22.587279798673073,2.0,3.0,0.0,0.0,2.0,3.0,0.0,0.0,0.0,0.0,0.0,1433,3,10.0,23.607142857142858
421,930380.0,True,9.837784978007589,0.0,11.0,2.0,0.0,5.0,3.0,4.0,1.0,0.0,0.0,0.0,1555,10,7.2,16.061587301587302
426,1019255.0,True,14.288404643273111,0.0,10.0,9.0,0.0,5.0,14.0,0.0,0.0,0.0,0.0,0.0,979,9,11.444444444444445,21.802001085334417
437,1025311.0,True,14.116289989448955,1.0,7.0,1.0,0.0,5.0,4.0,0.0,0.0,0.0,0.0,0.0,509,3,10.0,15.445791245791247
440,567115.0,True,23.0,2.0,0.0,5.0,0.0,0.0,2.0,1.0,2.0,2.0,0.0,0.0,663,6,7.833333333333333,34.56111111111111
457,985124.0,True,11.909758190424265,0.0,17.0,3.0,1.0,5.0,3.0,5.0,1.0,4.0,0.0,1.0,2548,18,5.5,23.054232804232807
468,906858.0,True,4.666666666666667,1.0,15.0,1.0,0.0,1.0,6.0,2.0,1.0,6.0,1.0,0.0,2469,16,7.5,14.973261278195487
472,1002927.0,True,24.40288522829764,0.0,39.0,15.0,2.0,14.0,12.0,10.0,11.0,5.0,0.0,0.0,2372,49,8.0,16.77628785613479
477,912485.0,True,26.59090909090909,11.0,2.0,3.0,0.0,0.0,5.0,3.0,4.0,3.0,0.0,1.0,1925,15,17.2,20.284845186346733
478,879490.0,True,7.009464248488639,0.0,9.0,1.0,0.0,1.0,3.0,1.0,1.0,3.0,1.0,0.0,2652,8,6.0,12.862689393939393
480,1029503.0,True,15.53852920516983,0.0,7.0,3.0,0.0,0.0,7.0,3.0,0.0,0.0,0.0,0.0,1920,3,7.333333333333333,54.03703703703704
481,1030945.0,True,17.555403029611405,0.0,10.0,7.0,0.0,6.0,11.0,0.0,0.0,0.0,0.0,0.0,1197,12,7.416666666666667,34.06771133958633
482,914162.0,True,21.875,9.0,5.0,14.0,0.0,0.0,1.0,5.0,5.0,3.0,4.0,10.0,2539,27,13.222222222222221,41.99434618589503
488,1023982.0,True,19.28525538066174,1.0,4.0,1.0,0.0,0.0,4.0,2.0,0.0,0.0,0.0,0.0,743,3,8.333333333333334,70.6969696969697
491,1022183.0,True,9.021395203986296,6.0,9.0,6.0,0.0,9.0,9.0,3.0,0.0,0.0,0.0,0.0,1083,19,7.421052631578948,22.159861191440136
500,810077.0,True,25.697178858641898,3.0,8.0,12.0,0.0,2.0,2.0,2.0,3.0,7.0,1.0,6.0,2533,21,8.142857142857142,66.52051810623239
502,983179.0,True,8.222225455956538,3.0,23.0,5.0,1.0,10.0,5.0,5.0,1.0,5.0,2.0,2.0,2193,28,6.678571428571429,24.016964285714288
506,688492.0,True,14.84,1.0,12.0,6.0,0.0,0.0,7.0,1.0,2.0,4.0,1.0,4.0,2665,18,8.777777777777779,20.828922158088826
509,1033506.0,True,3.8,0.0,4.0,1.0,0.0,4.0,1.0,0.0,0.0,0.0,0.0,0.0,1940,4,8.75,8.6375
512,900983.0,True,26.103066841415465,0.0,4.0,2.0,0.0,2.0,0.0,2.0,0.0,2.0,0.0,0.0,1184,4,14.0,18.93189775910364
513,1023088.0,True,16.08516504641072,0.0,13.0,1.0,1.0,10.0,2.0,1.0,0.0,0.0,0.0,0.0,1532,12,5.5,7.884821428571429
517,1043456.0,True,12.915072644620734,0.0,2.0,1.0,0.0,3.0,0.0,0.0,0.0,0.0,0.0,0.0,854,1,8.0,23.25
524,639550.0,True,4.631578947368421,2.0,6.0,6.0,0.0,3.0,6.0,2.0,1.0,0.0,1.0,1.0,2296,13,9.846153846153847,37.15446775446775
530,967613.0,True,10.222222222222221,0.0,15.0,4.0,0.0,3.0,1.0,3.0,2.0,1.0,4.0,5.0,2067,18,7.055555555555555,19.450110229276895
532,953312.0,True,20.125,0.0,13.0,0.0,0.0,4.0,3.0,1.0,2.0,0.0,1.0,2.0,938,12,5.5,13.279828042328042
534,921725.0,True,8.5,0.0,1.0,2.0,0.0,3.0,0.0,0.0,0.0,0.0,0.0,0.0,1006,2,9.0,18.625
544,878427.0,True,28.857142857142858,1.0,8.0,8.0,0.0,0.0,6.0,3.0,4.0,1.0,1.0,2.0,1045,16,10.125,35.65711203087847
546,835582.0,True,24.0,0.0,9.0,0.0,0.0,2.0,0.0,0.0,0.0,0.0,1.0,6.0,2162,8,8.0,13.94702380952381
548,950595.0,True,7.705882352941177,0.0,6.0,7.0,0.0,1.0,2.0,2.0,1.0,3.0,0.0,4.0,1995,12,10.833333333333334,26.372706582633057
558,1012240.0,True,16.45332080200501,0.0,33.0,3.0,1.0,4.0,15.0,11.0,5.0,0.0,0.0,0.0,2688,32,5.71875,22.705546016483517
567,902372.0,True,14.366279069767439,0.0,2.0,2.0,0.0,0.0,0.0,4.0,0.0,0.0,0.0,0.0,750,2,12.5,9.496794871794872
568,986513.0,True,13.071428571428571,7.0,14.0,15.0,0.0,0.0,2.0,4.0,6.0,9.0,9.0,6.0,2029,35,9.085714285714285,30.576887319030174
573,1003213.0,True,16.428571428571427,1.0,12.0,1.0,0.0,4.0,2.0,3.0,5.0,0.0,0.0,0.0,1781,13,5.0,35.08956043956044
576,681686.0,True,19.6,0.0,3.0,5.0,0.0,0.0,3.0,1.0,2.0,1.0,0.0,1.0,1608,7,9.285714285714286,38.20477736549166
582,862361.0,True,15.266666666666667,1.0,16.0,0.0,0.0,0.0,1.0,2.0,1.0,2.0,6.0,5.0,2204,16,4.125,10.559375
587,944033.0,True,8.818181818181818,0.0,3.0,0.0,0.0,1.0,2.0,0.0,0.0,0.0,0.0,0.0,575,2,4.0,21.25
597,859873.0,True,13.888888888888891,0.0,20.0,1.0,0.0,2.0,3.0,1.0,5.0,1.0,3.0,6.0,1818,20,6.45,25.292261904761904
598,878850.0,True,18.428571428571427,0.0,1.0,2.0,0.0,0.0,0.0,1.0,1.0,1.0,0.0,0.0,484,2,7.5,13.277777777777779
608,696414.0,True,23.208604954367665,0.0,2.0,5.0,0.0,0.0,1.0,4.0,2.0,0.0,0.0,0.0,1525,5,7.8,26.635555555555555
622,645164.0,True,23.5,1.0,4.0,3.0,0.0,1.0,1.0,1.0,0.0,0.0,2.0,3.0,1800,7,9.571428571428571,32.07281746031746
627,1012171.0,True,14.571428571428573,0.0,0.0,2.0,0.0,0.0,1.0,1.0,0.0,0.0,0.0,0.0,338,1,14.0,37.214285714285715
629,736716.0,True,29.7,5.0,3.0,6.0,0.0,0.0,1.0,1.0,3.0,6.0,2.0,1.0,1981,13,14.76923076923077,49.86135160386174
631,1025403.0,True,5.487179487179487,1.0,0.0,1.0,0.0,0.0,1.0,1.0,0.0,0.0,0.0,0.0,323,1,10.0,20.5
645,865631.0,True,3.4375,8.0,8.0,14.0,0.0,1.0,3.0,5.0,1.0,7.0,4.0,9.0,2247,29,12.137931034482758,27.646017623350282
649,925471.0,True,7.751394927536233,2.0,7.0,15.0,0.0,4.0,3.0,4.0,1.0,7.0,3.0,2.0,1769,21,9.619047619047619,37.34488438732136
651,423484.0,True,29.626138253638253,9.0,96.0,41.0,0.0,0.0,1.0,14.0,30.0,44.0,14.0,43.0,2737,143,8.251748251748252,24.29541146385037
654,929105.0,True,15.357142857142858,9.0,2.0,8.0,0.0,2.0,2.0,5.0,2.0,3.0,3.0,2.0,2086,18,10.11111111111111,29.8421686338353
657,821150.0,True,19.4,0.0,35.0,2.0,0.0,2.0,5.0,1.0,3.0,10.0,6.0,10.0,2640,36,5.611111111111111,20.712707431457428
660,1003187.0,True,34.05278700627537,1.0,9.0,0.0,0.0,1.0,2.0,4.0,2.0,1.0,0.0,0.0,1154,8,4.25,22.46875
664,775449.0,True,23.8,2.0,5.0,1.0,0.0,1.0,3.0,0.0,1.0,0.0,1.0,2.0,2480,7,7.285714285714286,38.94285714285714
669,902853.0,True,20.09349548756329,1.0,5.0,7.0,0.0,0.0,3.0,7.0,3.0,0.0,0.0,0.0,854,11,7.0,44.96603951603952
670,718685.0,True,9.789473684210526,0.0,18.0,2.0,0.0,0.0,5.0,4.0,2.0,4.0,1.0,4.0,1371,19,10.105263157894736,11.247423482949799
674,859135.0,True,16.75,0.0,21.0,0.0,0.0,2.0,3.0,2.0,3.0,3.0,1.0,7.0,1505,20,5.3,24.732638888888893
681,988980.0,True,15.678571428571429,9.0,12.0,12.0,1.0,0.0,2.0,12.0,14.0,3.0,1.0,0.0,2637,32,10.21875,24.708846943497672
682,732646.0,True,24.75,1.0,4.0,11.0,0.0,0.0,1.0,2.0,0.0,1.0,6.0,6.0,2036,15,7.4,38.137830687830686
683,926630.0,True,18.714285714285715,3.0,4.0,6.0,0.0,0.0,2.0,1.0,3.0,1.0,1.0,5.0,2689,12,11.75,32.19594235421442
684,961017.0,True,26.434782608695652,1.0,0.0,3.0,0.0,0.0,2.0,1.0,0.0,1.0,0.0,0.0,2387,3,9.333333333333334,45.355555555555554
690,882785.0,True,10.333333333333334,0.0,4.0,3.0,0.0,0.0,4.0,1.0,0.0,0.0,0.0,2.0,1037,6,7.0,23.110648148148147
694,1013054.0,True,23.666666666666668,0.0,2.0,1.0,0.0,0.0,1.0,2.0,0.0,0.0,0.0,0.0,1842,2,8.5,47.798611111111114
701,524577.0,True,30.5,3.0,2.0,4.0,0.0,0.0,1.0,2.0,3.0,0.0,0.0,3.0,2637,8,10.5,27.074576118326117
726,961716.0,True,5.740737612612612,0.0,10.0,5.0,0.0,0.0,2.0,9.0,4.0,0.0,0.0,0.0,918,12,8.916666666666666,34.81499766573296
729,976883.0,True,52.8,2.0,3.0,3.0,0.0,0.0,1.0,1.0,2.0,2.0,1.0,1.0,2288,7,8.285714285714286,31.19678178963893
740,773770.0,True,20.24,2.0,5.0,5.0,0.0,0.0,1.0,4.0,4.0,2.0,0.0,1.0,1245,11,11.545454545454545,20.255135301574928
742,962152.0,True,14.16006230320895,1.0,1.0,5.0,0.0,3.0,0.0,0.0,2.0,1.0,0.0,1.0,2112,4,7.75,45.80833333333333
754,301167.0,True,27.476190476190474,3.0,7.0,6.0,0.0,0.0,1.0,1.0,2.0,3.0,3.0,6.0,2522,15,9.6,45.36091602297485
757,917125.0,True,6.428571428571429,0.0,1.0,1.0,0.0,0.0,1.0,0.0,0.0,1.0,0.0,0.0,1155,1,11.0,27.454545454545453
765,1033834.0,True,31.142857142857142,1.0,6.0,1.0,0.0,2.0,6.0,0.0,0.0,0.0,0.0,0.0,2653,7,6.142857142857143,20.7812925170068
767,922228.0,True,48.375,1.0,3.0,1.0,0.0,0.0,0.0,3.0,0.0,0.0,0.0,2.0,582,4,8.5,20.91001400560224
771,450947.0,True,19.13997580987872,4.0,19.0,11.0,0.0,1.0,6.0,6.0,3.0,8.0,7.0,3.0,1981,30,9.666666666666666,26.877723118384882
772,819703.0,True,9.516129032258064,0.0,0.0,4.0,0.0,0.0,2.0,0.0,0.0,0.0,2.0,0.0,421,3,7.333333333333333,27.206410256410255
773,989394.0,True,28.017892112329154,0.0,2.0,3.0,0.0,0.0,3.0,1.0,1.0,0.0,0.0,0.0,2682,3,11.666666666666666,24.86845238095238
774,544786.0,True,80.5,0.0,1.0,5.0,0.0,0.0,0.0,2.0,1.0,2.0,1.0,0.0,1066,5,7.6,51.35333333333333
776,943341.0,True,21.454545454545453,0.0,16.0,5.0,1.0,2.0,3.0,1.0,3.0,6.0,4.0,1.0,2680,20,6.8,20.507886904761904
791,860668.0,True,18.142857142857142,6.0,1.0,9.0,0.0,0.0,1.0,1.0,2.0,6.0,2.0,4.0,2358,15,10.933333333333334,23.420608973194785
795,853860.0,True,5.428571428571429,22.0,1.0,1.0,0.0,0.0,8.0,7.0,6.0,2.0,0.0,1.0,2364,23,17.565217391304348,18.4390449569828
806,988036.0,True,24.55,0.0,2.0,5.0,0.0,0.0,3.0,4.0,0.0,0.0,0.0,0.0,1021,6,6.833333333333333,20.59722222222222
808,704277.0,True,11.44,3.0,0.0,1.0,0.0,1.0,0.0,1.0,0.0,1.0,1.0,0.0,756,3,13.333333333333334,33.83104575163399
810,994291.0,True,11.558823529411764,7.0,1.0,3.0,0.0,0.0,2.0,1.0,1.0,7.0,0.0,0.0,2141,10,11.2,40.10979112554113
812,901296.0,True,27.908264033264032,0.0,4.0,4.0,0.0,0.0,2.0,4.0,0.0,1.0,0.0,1.0,1122,5,7.4,35.9248717948718
813,531868.0,True,16.11764705882353,0.0,7.0,3.0,0.0,1.0,2.0,2.0,0.0,2.0,1.0,2.0,1639,9,9.222222222222221,17.634401709401708
815,978086.0,True,11.454545454545455,0.0,9.0,3.0,0.0,5.0,5.0,1.0,0.0,0.0,1.0,0.0,1961,11,6.181818181818182,16.03842975206612
818,888955.0,True,7.25,0.0,6.0,0.0,0.0,0.0,0.0,3.0,2.0,1.0,0.0,0.0,1309,5,8.0,11.742380952380952
820,980653.0,True,10.632563415137142,1.0,8.0,13.0,0.0,0.0,2.0,6.0,3.0,8.0,3.0,0.0,1505,20,9.2,24.972879262550315
822,939981.0,True,4.711462450592886,1.0,56.0,15.0,0.0,9.0,15.0,9.0,8.0,10.0,13.0,8.0,2483,70,6.671428571428572,27.954782281210854
826,906459.0,True,7.92857142857143,0.0,6.0,0.0,0.0,1.0,3.0,1.0,0.0,1.0,0.0,0.0,2703,5,5.8,33.29142857142857
827,881905.0,True,47.69230769230769,1.0,1.0,2.0,0.0,0.0,2.0,2.0,0.0,0.0,0.0,0.0,876,3,8.0,24.083333333333332
837,999377.0,True,10.105263157894736,1.0,0.0,1.0,0.0,1.0,1.0,0.0,0.0,0.0,0.0,0.0,622,1,4.0,11.25
846,1007624.0,True,23.698671931083993,0.0,2.0,1.0,0.0,0.0,1.0,2.0,0.0,0.0,0.0,0.0,846,1,10.0,42.7
854,972773.0,True,24.42705713034228,0.0,13.0,6.0,0.0,2.0,2.0,1.0,1.0,0.0,2.0,11.0,2700,16,7.625,43.28623737373738
859,1007225.0,True,14.285714285714286,0.0,1.0,2.0,0.0,0.0,1.0,1.0,1.0,0.0,0.0,0.0,575,2,7.5,14.357142857142858
860,1017138.0,True,9.4,1.0,3.0,0.0,0.0,0.0,1.0,2.0,1.0,0.0,0.0,0.0,1161,3,6.666666666666667,22.222222222222225
874,1011035.0,True,24.450098659590388,0.0,15.0,3.0,0.0,0.0,13.0,2.0,3.0,0.0,0.0,0.0,2480,13,5.6923076923076925,26.932692307692307
890,990316.0,True,4.779607520241526,0.0,21.0,0.0,0.0,2.0,3.0,11.0,4.0,1.0,0.0,0.0,2557,18,6.5,11.016540404040406
892,901842.0,True,52.2125,0.0,23.0,11.0,2.0,4.0,11.0,6.0,1.0,4.0,5.0,1.0,2529,32,6.78125,21.721198593073595
896,929539.0,True,19.296720200706872,2.0,10.0,4.0,0.0,0.0,2.0,5.0,4.0,2.0,1.0,2.0,1833,14,7.928571428571429,12.973809523809525
902,886103.0,True,13.333333333333334,0.0,2.0,0.0,0.0,0.0,2.0,0.0,0.0,0.0,0.0,0.0,461,1,16.0,30.375
910,938552.0,True,8.4,0.0,10.0,0.0,1.0,3.0,3.0,0.0,1.0,1.0,0.0,1.0,2121,9,6.222222222222222,13.839506172839505
911,832488.0,True,8.56170815694806,15.0,15.0,11.0,2.0,7.0,8.0,7.0,5.0,4.0,2.0,6.0,2273,27,9.185185185185185,26.73419456202917
920,885032.0,True,13.128140390780457,1.0,14.0,6.0,2.0,5.0,4.0,4.0,3.0,1.0,2.0,0.0,2443,14,7.571428571428571,15.092403628117912
921,951122.0,True,19.984785615491006,1.0,15.0,5.0,0.0,3.0,7.0,6.0,1.0,3.0,1.0,0.0,1840,17,6.705882352941177,30.65081519787402
922,1034506.0,True,4.5,0.0,6.0,1.0,0.0,0.0,7.0,0.0,0.0,0.0,0.0,0.0,1457,6,7.0,23.204487179487177
923,990821.0,True,16.246114725556676,0.0,10.0,3.0,0.0,1.0,3.0,5.0,0.0,4.0,0.0,0.0,2247,9,6.666666666666667,31.166714766714765
927,910993.0,True,21.03846153846154,1.0,10.0,2.0,0.0,2.0,2.0,1.0,3.0,3.0,2.0,0.0,2207,12,6.666666666666667,42.584205146705145
931,1020558.0,True,18.69685205379862,1.0,4.0,5.0,0.0,4.0,3.0,3.0,0.0,0.0,0.0,0.0,1423,4,12.75,19.980555555555554
937,709722.0,True,10.448793322446015,11.0,8.0,10.0,0.0,3.0,1.0,2.0,5.0,12.0,5.0,1.0,2382,27,11.88888888888889,35.92883197049864
948,477714.0,True,17.083333333333332,0.0,4.0,1.0,0.0,0.0,1.0,0.0,1.0,2.0,1.0,0.0,1590,4,11.0,82.7310606060606
953,778080.0,True,3.076923076923077,0.0,5.0,0.0,0.0,0.0,2.0,1.0,0.0,1.0,0.0,1.0,365,4,4.5,22.708333333333332
957,605391.0,True,11.889358519454387,3.0,15.0,6.0,0.0,14.0,6.0,0.0,1.0,0.0,2.0,1.0,1826,13,4.6923076923076925,31.761538461538464
962,413563.0,True,55.666666666666664,0.0,3.0,3.0,0.0,0.0,3.0,1.0,0.0,0.0,1.0,1.0,320,5,7.0,26.73
972,951083.0,True,18.166666666666668,0.0,5.0,0.0,0.0,0.0,2.0,3.0,0.0,0.0,0.0,0.0,736,4,7.0,18.835714285714285
983,762655.0,True,32.0,0.0,24.0,1.0,0.0,4.0,4.0,1.0,3.0,5.0,1.0,7.0,2721,24,5.041666666666667,15.202926587301585
990,993504.0,True,41.6,1.0,1.0,3.0,0.0,0.0,2.0,0.0,1.0,1.0,1.0,0.0,1196,4,9.75,24.23157894736842
997,779281.0,True,14.947368421052632,4.0,0.0,2.0,0.0,0.0,1.0,0.0,0.0,4.0,1.0,0.0,1553,5,12.0,23.624512987012984
1015,951300.0,True,7.294117647058823,1.0,1.0,1.0,0.0,0.0,0.0,1.0,1.0,1.0,0.0,0.0,133,2,6.5,73.6875
1030,758990.0,True,10.473684210526315,0.0,2.0,4.0,0.0,0.0,1.0,0.0,1.0,3.0,0.0,1.0,1108,5,11.8,43.20313598166539
1032,982574.0,True,18.5,1.0,2.0,2.0,0.0,0.0,1.0,1.0,0.0,0.0,3.0,0.0,835,4,6.0,51.4375
1033,978526.0,True,8.848214285714285,7.0,17.0,6.0,0.0,0.0,0.0,2.0,0.0,12.0,7.0,9.0,2658,28,10.928571428571429,18.942124012683223
1039,933186.0,True,3.833333333333334,0.0,4.0,0.0,0.0,1.0,0.0,1.0,1.0,0.0,1.0,0.0,1064,3,4.666666666666667,13.611111111111112
1040,875480.0,True,13.235294117647058,2.0,0.0,2.0,0.0,2.0,0.0,1.0,1.0,0.0,0.0,0.0,1769,3,12.333333333333334,14.612535612535615
1059,915352.0,True,7.429925522103512,2.0,7.0,8.0,0.0,2.0,2.0,6.0,1.0,2.0,2.0,2.0,2422,13,10.076923076923077,22.195095929711314
1062,1003930.0,True,18.85102189848179,1.0,9.0,6.0,0.0,7.0,3.0,5.0,1.0,0.0,0.0,0.0,2164,11,7.7272727272727275,29.405944055944055
1063,877591.0,True,18.178571428571427,0.0,1.0,1.0,0.0,0.0,1.0,0.0,1.0,0.0,0.0,0.0,526,1,5.0,8.0
1067,954417.0,True,14.11111111111111,0.0,4.0,2.0,0.0,0.0,0.0,3.0,3.0,0.0,0.0,0.0,713,5,9.2,9.977412587412587
1093,786816.0,True,15.958333333333332,5.0,3.0,7.0,0.0,0.0,0.0,5.0,2.0,2.0,1.0,5.0,2431,14,13.0,45.145322571517156
1103,919728.0,True,39.47759433962264,1.0,3.0,4.0,0.0,2.0,4.0,2.0,0.0,0.0,0.0,0.0,1175,4,11.5,32.718849206349205
1110,652651.0,True,23.103199296727613,7.0,11.0,5.0,0.0,1.0,8.0,1.0,1.0,3.0,6.0,3.0,2602,20,9.75,33.090783466533466
1114,823311.0,True,6.3125,6.0,10.0,3.0,0.0,3.0,1.0,5.0,3.0,4.0,2.0,1.0,2445,18,9.38888888888889,25.697035063701733
1121,1019980.0,True,5.6442062486632345,0.0,15.0,3.0,0.0,3.0,9.0,4.0,2.0,0.0,0.0,0.0,2671,16,7.0,18.934518259518256
1124,965776.0,True,12.46153846153846,1.0,4.0,2.0,0.0,0.0,3.0,0.0,1.0,1.0,0.0,2.0,1382,6,8.5,14.712202380952382
1125,902319.0,True,6.54797845490325,1.0,16.0,6.0,0.0,1.0,3.0,4.0,4.0,3.0,4.0,4.0,1874,20,9.55,12.544991028708134
1132,984612.0,True,2.5,2.0,7.0,3.0,0.0,0.0,3.0,1.0,1.0,4.0,2.0,1.0,1024,11,7.363636363636363,41.338980716253445
1136,1028148.0,True,10.813484994055099,6.0,4.0,3.0,0.0,6.0,7.0,0.0,0.0,0.0,0.0,0.0,2032,8,7.125,20.85
1141,782798.0,True,14.942857142857143,0.0,1.0,3.0,0.0,1.0,1.0,1.0,1.0,0.0,0.0,0.0,744,3,10.666666666666666,25.083333333333332
1145,923970.0,True,16.375,0.0,2.0,0.0,0.0,2.0,0.0,0.0,0.0,0.0,0.0,0.0,327,1,4.0,39.25
1147,847728.0,True,21.105263157894736,1.0,8.0,8.0,0.0,0.0,2.0,2.0,2.0,7.0,1.0,3.0,1780,16,8.0625,38.1020391067266
1150,1000004.0,True,15.538461538461538,0.0,5.0,3.0,1.0,1.0,0.0,1.0,2.0,3.0,0.0,0.0,1772,7,7.857142857142857,49.84920634920635
1151,942979.0,True,9.15,43.0,2.0,2.0,0.0,0.0,11.0,14.0,13.0,3.0,4.0,2.0,2632,46,13.521739130434783,22.849691407850308
1155,958346.0,True,23.999999999999996,0.0,6.0,9.0,0.0,0.0,0.0,2.0,1.0,8.0,2.0,2.0,2368,14,9.857142857142858,56.412535738933244
1165,917757.0,True,20.46153846153846,0.0,1.0,3.0,0.0,0.0,3.0,1.0,0.0,0.0,0.0,0.0,569,3,13.666666666666666,30.888034188034187
1169,952112.0,True,17.627815773259393,0.0,10.0,2.0,1.0,6.0,3.0,1.0,1.0,0.0,0.0,0.0,761,9,6.222222222222222,17.27592592592593
1173,812371.0,True,103.40000000000002,1.0,2.0,2.0,0.0,0.0,3.0,2.0,0.0,0.0,0.0,0.0,2260,4,6.5,107.63541666666667
1181,841251.0,True,11.448275862068966,1.0,1.0,7.0,0.0,0.0,1.0,2.0,1.0,2.0,2.0,1.0,2343,8,13.0,30.782198603125458
1182,757470.0,True,7.111111111111111,0.0,3.0,3.0,0.0,1.0,3.0,2.0,0.0,0.0,0.0,0.0,1198,5,9.4,23.572979797979798
1192,870657.0,True,18.4,1.0,7.0,2.0,0.0,2.0,1.0,2.0,3.0,2.0,0.0,0.0,2245,9,10.333333333333334,10.601197558795597
1195,929093.0,True,14.038382899628251,0.0,0.0,6.0,0.0,3.0,1.0,2.0,0.0,0.0,0.0,0.0,407,4,15.25,30.70113871635611
1206,1051430.0,True,15.675820867873846,0.0,2.0,1.0,0.0,3.0,0.0,0.0,0.0,0.0,0.0,0.0,1022,1,14.0,11.142857142857142
1208,889248.0,True,23.429981247069858,2.0,2.0,1.0,0.0,0.0,1.0,2.0,0.0,2.0,0.0,0.0,1121,3,9.0,71.2952380952381
1212,671397.0,True,17.09090909090909,2.0,5.0,3.0,0.0,0.0,1.0,3.0,1.0,2.0,0.0,3.0,2078,9,10.777777777777779,52.80287892934952
1213,698914.0,True,25.666666666666664,0.0,2.0,0.0,0.0,1.0,0.0,1.0,0.0,0.0,0.0,0.0,1541,1,4.0,16.5
1230,835537.0,True,3.859408033826638,0.0,30.0,0.0,3.0,11.0,10.0,2.0,3.0,1.0,0.0,0.0,1204,28,5.857142857142857,23.49346655328798
1235,977712.0,True,5.583333333333333,1.0,11.0,2.0,0.0,3.0,5.0,2.0,1.0,1.0,2.0,0.0,1338,13,9.0,15.106954320189613
1252,585732.0,True,13.25,0.0,1.0,3.0,0.0,0.0,2.0,1.0,1.0,0.0,0.0,0.0,1465,3,7.0,27.604232804232804
1255,988454.0,True,8.304347826086957,0.0,1.0,3.0,0.0,1.0,2.0,1.0,0.0,0.0,0.0,0.0,461,3,6.666666666666667,80.28571428571429
1271,1018214.0,True,54.166715614292706,0.0,2.0,4.0,0.0,2.0,1.0,3.0,0.0,0.0,0.0,0.0,2140,4,7.5,43.65170454545455
1277,1034101.0,True,20.337056642544447,0.0,4.0,2.0,0.0,2.0,4.0,0.0,0.0,0.0,0.0,0.0,583,3,5.0,41.050000000000004
1285,1008543.0,True,21.818181818181817,0.0,1.0,1.0,0.0,1.0,1.0,0.0,0.0,0.0,0.0,0.0,1127,1,15.0,37.86666666666667
1288,442000.0,True,60.375,0.0,7.0,10.0,0.0,1.0,1.0,1.0,2.0,7.0,2.0,3.0,1177,16,8.3125,38.21955550576874
1293,817787.0,True,9.291958041958043,1.0,4.0,3.0,0.0,2.0,1.0,2.0,0.0,2.0,1.0,0.0,1003,6,8.166666666666666,13.754942279942279
1295,821689.0,True,32.6875,1.0,1.0,1.0,0.0,0.0,1.0,0.0,0.0,1.0,0.0,1.0,628,2,6.5,121.10714285714286
1296,1020955.0,True,37.411764705882355,0.0,1.0,1.0,0.0,0.0,2.0,0.0,0.0,0.0,0.0,0.0,1066,1,6.0,5.333333333333333
1301,648161.0,True,21.166666666666668,0.0,4.0,3.0,0.0,0.0,3.0,0.0,0.0,3.0,1.0,0.0,1098,6,10.166666666666666,48.60870148370148
1305,855775.0,True,26.153846153846153,0.0,0.0,2.0,0.0,1.0,1.0,0.0,0.0,0.0,0.0,0.0,358,1,9.0,51.77777777777778
1311,976340.0,True,19.181818181818187,0.0,1.0,1.0,0.0,0.0,2.0,0.0,0.0,0.0,0.0,0.0,323,1,9.0,24.333333333333332
1312,650862.0,True,8.625,0.0,1.0,4.0,0.0,2.0,1.0,0.0,0.0,1.0,0.0,1.0,772,4,10.75,22.200757575757578
1315,974337.0,True,21.27777777777778,0.0,15.0,3.0,0.0,4.0,3.0,1.0,3.0,3.0,0.0,4.0,2281,17,6.176470588235294,20.737388591800357
1321,813590.0,True,9.888888888888888,2.0,18.0,13.0,1.0,2.0,1.0,3.0,5.0,7.0,5.0,9.0,2511,32,8.90625,27.306808295870802
1323,1015485.0,True,28.0,0.0,5.0,0.0,0.0,1.0,1.0,3.0,0.0,0.0,0.0,0.0,1178,4,6.5,20.35576923076923
1325,906656.0,True,8.15,0.0,1.0,1.0,0.0,1.0,1.0,0.0,0.0,0.0,0.0,0.0,425,1,6.0,16.333333333333332
1337,984863.0,True,24.0279552715655,0.0,3.0,7.0,0.0,1.0,0.0,2.0,0.0,2.0,5.0,0.0,1777,8,6.875,47.35595238095239
1344,788526.0,True,4.0,1.0,20.0,42.0,0.0,1.0,5.0,1.0,3.0,4.0,14.0,35.0,2694,62,12.387096774193548,24.00844755394965
1347,991132.0,True,27.88235294117647,0.0,1.0,2.0,0.0,1.0,1.0,0.0,1.0,0.0,0.0,0.0,1862,2,14.0,17.8625
1348,822756.0,True,77.25,0.0,2.0,0.0,0.0,1.0,1.0,0.0,0.0,0.0,0.0,0.0,324,1,4.0,17.5
1354,820243.0,True,59.0,0.0,2.0,3.0,0.0,1.0,0.0,4.0,0.0,0.0,0.0,0.0,649,4,6.5,80.33333333333333
1373,753312.0,True,19.181818181818183,2.0,1.0,5.0,0.0,0.0,3.0,0.0,1.0,3.0,1.0,0.0,2000,7,13.285714285714286,23.818619872191302
1374,934983.0,True,52.05555555555556,1.0,0.0,2.0,0.0,0.0,0.0,2.0,1.0,0.0,0.0,0.0,442,2,6.0,117.88571428571427
1377,771304.0,True,9.931773729626078,6.0,4.0,8.0,0.0,1.0,1.0,3.0,5.0,3.0,4.0,1.0,2514,16,10.3125,55.22413499490705
1380,877610.0,True,50.083333333333336,1.0,0.0,1.0,0.0,0.0,0.0,1.0,1.0,0.0,0.0,0.0,1884,1,11.0,90.36363636363636
1382,919147.0,True,12.500000000000002,0.0,1.0,1.0,0.0,1.0,0.0,0.0,0.0,0.0,0.0,1.0,812,1,6.0,14.833333333333334
1392,941980.0,True,26.000000000000004,1.0,3.0,3.0,0.0,2.0,1.0,1.0,3.0,0.0,0.0,0.0,1113,6,12.5,23.762551106301107
1403,777531.0,True,12.476190476190476,1.0,1.0,3.0,0.0,1.0,2.0,0.0,1.0,0.0,1.0,0.0,1063,4,5.0,54.400000000000006
1408,998852.0,True,5.0,0.0,8.0,0.0,0.0,2.0,4.0,2.0,0.0,0.0,0.0,0.0,2053,7,5.285714285714286,34.096428571428575
1409,682628.0,True,22.23973121332576,0.0,4.0,0.0,0.0,0.0,4.0,0.0,0.0,0.0,0.0,0.0,1415,2,7.5,27.098214285714285
1417,977913.0,True,3.25,0.0,4.0,3.0,0.0,1.0,1.0,2.0,0.0,3.0,0.0,0.0,2596,6,8.5,14.30462962962963
1418,960291.0,True,12.135073922617174,0.0,5.0,0.0,0.0,1.0,2.0,0.0,0.0,1.0,0.0,1.0,1850,3,6.333333333333333,19.400000000000002
1421,940655.0,True,13.357142857142858,0.0,5.0,8.0,0.0,2.0,1.0,2.0,4.0,2.0,1.0,1.0,2730,12,8.416666666666666,40.187385762385766
1422,758563.0,True,13.798123454367593,0.0,8.0,4.0,0.0,3.0,3.0,2.0,0.0,2.0,0.0,2.0,2700,9,5.0,15.506790123456788
1427,1023647.0,True,10.25,0.0,5.0,0.0,0.0,1.0,4.0,0.0,0.0,0.0,0.0,0.0,2347,4,5.0,17.416666666666664
1429,1026362.0,True,27.214285714285715,0.0,4.0,1.0,0.0,2.0,2.0,1.0,0.0,0.0,0.0,0.0,1351,4,7.0,15.117965367965368
1434,1034423.0,True,5.5625,0.0,2.0,0.0,0.0,2.0,0.0,0.0,0.0,0.0,0.0,0.0,768,1,6.0,49.0
1442,861628.0,True,14.285714285714286,1.0,10.0,6.0,0.0,0.0,2.0,1.0,2.0,3.0,4.0,5.0,2522,16,9.3125,24.65451760410642
1444,962357.0,True,16.833333333333332,1.0,1.0,2.0,0.0,1.0,0.0,0.0,0.0,0.0,2.0,1.0,2098,3,6.666666666666667,50.5462962962963
1447,793727.0,True,15.074074074074073,1.0,2.0,1.0,0.0,0.0,1.0,2.0,0.0,0.0,1.0,0.0,702,3,8.333333333333334,30.23492063492063
1449,953612.0,True,21.5,0.0,1.0,1.0,0.0,2.0,0.0,0.0,0.0,0.0,0.0,0.0,251,1,7.0,14.428571428571429
1450,1034192.0,True,3.7142857142857144,0.0,2.0,0.0,0.0,1.0,1.0,0.0,0.0,0.0,0.0,0.0,365,1,4.0,81.75
1456,966911.0,True,22.357142857142858,0.0,0.0,4.0,0.0,1.0,0.0,0.0,1.0,2.0,0.0,0.0,2462,3,9.666666666666666,22.592592592592595
1460,1001470.0,True,3.4,0.0,4.0,2.0,0.0,1.0,1.0,2.0,2.0,0.0,0.0,0.0,769,5,7.4,22.085
1462,570935.0,True,4.802083333333334,0.0,2.0,1.0,0.0,2.0,0.0,0.0,0.0,1.0,0.0,0.0,896,1,7.0,12.285714285714286
1463,986611.0,True,14.310344827586206,0.0,7.0,0.0,0.0,0.0,2.0,1.0,1.0,3.0,0.0,0.0,2476,6,6.0,30.121693121693124
1464,992497.0,True,31.760846627308137,0.0,2.0,5.0,0.0,0.0,2.0,5.0,0.0,0.0,0.0,0.0,1373,5,8.6,40.1
1472,1023837.0,True,85.44444444444444,0.0,2.0,2.0,0.0,1.0,3.0,0.0,0.0,0.0,0.0,0.0,387,3,10.0,22.92063492063492
1473,875887.0,True,12.071428571428573,0.0,4.0,4.0,0.0,3.0,0.0,1.0,1.0,1.0,0.0,2.0,2003,6,10.5,23.170400432900436
1477,966335.0,True,25.1875,5.0,1.0,2.0,0.0,0.0,0.0,1.0,2.0,3.0,1.0,1.0,2423,7,12.857142857142858,35.5242047426258
1478,1023396.0,True,10.823529411764707,0.0,2.0,0.0,0.0,1.0,1.0,0.0,0.0,0.0,0.0,0.0,821,1,4.0,34.75
1479,983971.0,True,15.599424385138674,0.0,1.0,4.0,0.0,1.0,3.0,1.0,0.0,0.0,0.0,0.0,2582,2,15.0,27.31366459627329
1480,997887.0,True,12.818181818181817,0.0,2.0,3.0,0.0,2.0,1.0,0.0,1.0,1.0,0.0,0.0,483,4,5.75,11.369047619047619
1482,543735.0,True,14.153846153846155,0.0,0.0,2.0,0.0,0.0,2.0,0.0,0.0,0.0,0.0,0.0,1287,1,13.0,36.53846153846154
1484,454278.0,True,14.724468625624523,1.0,9.0,3.0,0.0,4.0,1.0,0.0,1.0,2.0,3.0,2.0,2025,11,8.545454545454545,25.807249838284324
1485,890291.0,True,6.67263986013986,0.0,5.0,3.0,0.0,2.0,1.0,1.0,0.0,1.0,2.0,1.0,2709,6,6.166666666666667,23.77976190476191
1486,350486.0,True,4.304347826086956,0.0,2.0,0.0,0.0,2.0,0.0,0.0,0.0,0.0,0.0,0.0,231,1,9.0,10.333333333333334
1488,547455.0,True,10.5,1.0,0.0,2.0,0.0,2.0,0.0,0.0,0.0,1.0,0.0,0.0,1512,2,12.0,18.40714285714286
1500,919529.0,True,9.125,0.0,0.0,2.0,0.0,0.0,1.0,0.0,1.0,0.0,0.0,0.0,1203,1,9.0,33.111111111111114
1501,797356.0,True,7.450359744069598,0.0,3.0,3.0,0.0,2.0,1.0,2.0,0.0,0.0,0.0,1.0,2050,4,9.75,25.722140522875815
1513,1035546.0,True,47.857142857142854,0.0,2.0,1.0,0.0,3.0,0.0,0.0,0.0,0.0,0.0,0.0,1519,2,7.5,26.96590909090909
1518,1032094.0,True,16.375,0.0,4.0,0.0,0.0,2.0,2.0,0.0,0.0,0.0,0.0,0.0,2637,3,7.666666666666667,7.837301587301588
1519,873421.0,True,16.863653273809522,0.0,7.0,4.0,0.0,2.0,3.0,3.0,0.0,2.0,0.0,1.0,1776,9,8.666666666666666,21.132834757834758
1521,610162.0,True,14.46898502700049,0.0,6.0,2.0,0.0,3.0,2.0,1.0,0.0,1.0,1.0,0.0,1286,3,8.0,34.82857142857143
1528,993077.0,True,4.666666666666667,0.0,2.0,4.0,0.0,0.0,5.0,0.0,0.0,0.0,1.0,0.0,1982,5,8.0,17.40018315018315
1532,984933.0,True,10.078202945221562,2.0,4.0,2.0,1.0,1.0,2.0,1.0,0.0,2.0,1.0,0.0,1090,4,13.5,14.62797619047619
1538,998499.0,True,25.583333333333332,0.0,10.0,1.0,1.0,4.0,2.0,2.0,2.0,0.0,0.0,0.0,1798,10,6.7,12.566547619047622
1542,936655.0,True,7.750000000000001,0.0,6.0,12.0,0.0,0.0,1.0,5.0,3.0,2.0,2.0,5.0,2084,17,9.176470588235293,37.106449509736706
1545,971056.0,True,64.4,1.0,1.0,0.0,0.0,0.0,1.0,1.0,0.0,0.0,0.0,0.0,784,1,21.0,28.428571428571427
1546,908856.0,True,44.35294117647059,3.0,0.0,0.0,0.0,0.0,0.0,1.0,0.0,0.0,2.0,0.0,1106,2,8.0,59.86666666666666
1558,614146.0,True,31.5625,1.0,3.0,1.0,0.0,0.0,1.0,1.0,1.0,1.0,1.0,0.0,1288,4,8.5,31.45634920634921
1567,798325.0,True,12.1875,0.0,3.0,1.0,0.0,2.0,1.0,0.0,0.0,0.0,1.0,0.0,427,3,5.333333333333333,53.958333333333336
1570,902629.0,True,4.3076923076923075,0.0,13.0,3.0,0.0,3.0,0.0,3.0,3.0,3.0,0.0,4.0,2562,15,9.733333333333333,17.106982924482924
1573,929207.0,True,26.125,0.0,1.0,1.0,0.0,0.0,2.0,0.0,0.0,0.0,0.0,0.0,1623,1,12.0,38.416666666666664
1576,912150.0,True,17.047619047619047,0.0,1.0,1.0,0.0,0.0,1.0,0.0,0.0,1.0,0.0,0.0,590,1,9.0,59.44444444444444
1578,1055634.0,True,10.642857142857142,0.0,0.0,2.0,0.0,2.0,0.0,0.0,0.0,0.0,0.0,0.0,289,1,14.0,14.5
1588,701330.0,True,9.5,0.0,7.0,4.0,0.0,1.0,2.0,0.0,1.0,2.0,1.0,4.0,1694,10,8.2,25.02956349206349
1592,898347.0,True,12.269608854059257,2.0,9.0,10.0,0.0,0.0,7.0,5.0,4.0,2.0,1.0,2.0,1894,18,7.666666666666667,45.42393177809845
1597,1022557.0,True,39.4,0.0,3.0,0.0,0.0,2.0,0.0,1.0,0.0,0.0,0.0,0.0,1359,2,6.5,48.375
1609,836653.0,True,21.333333333333332,0.0,1.0,1.0,0.0,1.0,0.0,0.0,0.0,0.0,1.0,0.0,1874,1,8.0,16.375
1610,937041.0,True,32.625,1.0,2.0,6.0,0.0,1.0,0.0,3.0,0.0,4.0,0.0,1.0,2248,8,10.125,12.621604437229438
1613,930116.0,True,15.000000000000002,0.0,2.0,2.0,0.0,1.0,2.0,0.0,0.0,0.0,1.0,0.0,1988,3,12.0,16.74404761904762
1616,1049214.0,True,18.545454545454547,0.0,2.0,0.0,0.0,2.0,0.0,0.0,0.0,0.0,0.0,0.0,978,1,7.0,25.714285714285715
1617,637751.0,True,44.733333333333334,0.0,4.0,1.0,0.0,0.0,3.0,1.0,0.0,0.0,1.0,0.0,1379,4,11.75,46.54114583333334
1619,772406.0,True,15.066666666666666,1.0,3.0,4.0,0.0,2.0,0.0,1.0,1.0,3.0,1.0,0.0,939,7,9.571428571428571,31.141496598639456
1622,1008338.0,True,19.10188679245283,2.0,2.0,4.0,0.0,3.0,3.0,2.0,0.0,0.0,0.0,0.0,2190,6,13.833333333333334,27.999230399230395
1624,1041646.0,True,15.687499999999998,0.0,2.0,0.0,0.0,2.0,0.0,0.0,0.0,0.0,0.0,0.0,310,1,5.0,10.0
1625,1015982.0,True,39.0,0.0,3.0,1.0,0.0,0.0,1.0,3.0,0.0,0.0,0.0,0.0,2029,3,9.666666666666666,48.58811558811559
1627,672301.0,True,42.5,2.0,0.0,0.0,0.0,0.0,0.0,2.0,0.0,0.0,0.0,0.0,623,1,21.0,28.38095238095238
1629,921816.0,True,7.937769640082928,4.0,11.0,2.0,0.0,4.0,4.0,2.0,3.0,3.0,0.0,1.0,2506,14,8.571428571428571,15.715511994271393
1635,683169.0,True,6.125,0.0,16.0,3.0,0.0,3.0,1.0,3.0,1.0,6.0,2.0,3.0,2409,18,7.444444444444445,26.92478914035932
1638,822383.0,True,15.75,0.0,2.0,3.0,0.0,0.0,1.0,1.0,0.0,0.0,1.0,2.0,250,4,8.5,47.718253968253975
1640,1020658.0,True,16.482758620689655,1.0,0.0,2.0,0.0,0.0,3.0,0.0,0.0,0.0,0.0,0.0,614,2,4.0,26.0
1644,891188.0,True,9.928571428571429,0.0,2.0,2.0,0.0,0.0,2.0,0.0,0.0,1.0,1.0,0.0,384,3,8.666666666666666,11.177777777777777
1645,921627.0,True,26.35123966942149,0.0,1.0,3.0,0.0,0.0,1.0,2.0,0.0,0.0,0.0,1.0,366,2,4.5,24.475
1652,851640.0,True,3.923076923076923,0.0,6.0,3.0,0.0,0.0,2.0,1.0,1.0,1.0,2.0,2.0,2401,8,11.875,34.768592171717174
1657,1029735.0,True,10.130434782608695,0.0,0.0,3.0,0.0,2.0,1.0,0.0,0.0,0.0,0.0,0.0,302,2,8.5,29.40833333333333
1658,852345.0,True,78.875,0.0,3.0,4.0,0.0,0.0,1.0,2.0,1.0,2.0,1.0,0.0,751,6,10.333333333333334,45.88477032227033
1659,663461.0,True,32.857142857142854,0.0,1.0,3.0,0.0,0.0,2.0,0.0,1.0,0.0,0.0,1.0,1296,3,13.0,24.556140350877197
1660,881349.0,True,150.0,0.0,5.0,6.0,0.0,0.0,3.0,3.0,2.0,1.0,0.0,2.0,1108,10,8.6,31.040844988344986
1665,917597.0,True,15.415893511876293,1.0,7.0,3.0,0.0,3.0,1.0,1.0,3.0,2.0,0.0,1.0,2477,8,8.375,17.103777472527472
1667,816234.0,True,18.40909090909091,0.0,3.0,3.0,0.0,0.0,3.0,1.0,0.0,0.0,0.0,2.0,2457,5,8.8,29.962483660130722
1668,934287.0,True,8.756756756756756,0.0,9.0,4.0,0.0,2.0,1.0,2.0,3.0,4.0,1.0,0.0,2735,12,8.333333333333334,61.45816035816035
1673,692485.0,True,27.41176470588235,1.0,0.0,3.0,0.0,0.0,1.0,2.0,0.0,0.0,0.0,1.0,2148,3,11.666666666666666,31.8875
1674,1021751.0,True,39.666666666666664,0.0,2.0,0.0,0.0,2.0,0.0,0.0,0.0,0.0,0.0,0.0,259,1,7.0,37.285714285714285
1675,679985.0,True,18.90909090909091,1.0,1.0,2.0,0.0,1.0,0.0,0.0,1.0,0.0,1.0,1.0,856,3,9.666666666666666,28.578282828282827
1677,1003466.0,True,70.18181818181819,0.0,2.0,0.0,0.0,0.0,1.0,1.0,0.0,0.0,0.0,0.0,378,1,6.0,12.666666666666666
1681,986740.0,True,19.91148873610931,0.0,7.0,7.0,0.0,1.0,2.0,4.0,2.0,4.0,1.0,0.0,2597,11,8.818181818181818,51.111963793781975
1685,959860.0,True,20.428571428571427,0.0,2.0,0.0,0.0,1.0,0.0,1.0,0.0,0.0,0.0,0.0,862,1,8.0,28.875
1687,934523.0,True,13.277777777777779,0.0,2.0,0.0,0.0,0.0,1.0,0.0,0.0,0.0,0.0,1.0,246,1,7.0,28.428571428571427
1690,877007.0,True,17.13603999394031,0.0,1.0,4.0,0.0,4.0,0.0,1.0,0.0,0.0,0.0,0.0,2641,3,10.0,22.56623931623932
1694,577629.0,True,4.2631578947368425,0.0,5.0,1.0,0.0,1.0,4.0,0.0,0.0,1.0,0.0,0.0,1591,5,9.6,15.391176470588238
1695,557720.0,True,13.058823529411764,0.0,4.0,0.0,0.0,1.0,0.0,1.0,0.0,0.0,0.0,2.0,531,3,8.333333333333334,9.330555555555556
1698,937665.0,True,15.045454545454545,0.0,3.0,2.0,0.0,0.0,1.0,0.0,0.0,0.0,2.0,2.0,2095,4,11.0,7.020833333333334
1699,822108.0,True,31.9375,1.0,4.0,2.0,0.0,0.0,3.0,0.0,1.0,3.0,0.0,0.0,2301,6,6.833333333333333,69.77095959595961
1701,856346.0,True,35.25,1.0,2.0,0.0,0.0,0.0,1.0,1.0,0.0,0.0,0.0,1.0,281,2,5.0,107.4
1702,1023432.0,True,6.7727272727272725,0.0,1.0,1.0,0.0,2.0,0.0,0.0,0.0,0.0,0.0,0.0,392,1,10.0,27.0
1709,1011251.0,True,10.909090909090907,0.0,2.0,0.0,0.0,1.0,1.0,0.0,0.0,0.0,0.0,0.0,1139,1,7.0,15.714285714285714
1714,839797.0,True,26.382352941176467,2.0,2.0,0.0,0.0,0.0,0.0,4.0,0.0,0.0,0.0,0.0,307,3,8.0,72.12222222222222
1717,1003174.0,True,25.75,0.0,1.0,1.0,0.0,1.0,1.0,0.0,0.0,0.0,0.0,0.0,142,1,14.0,49.0
1731,975778.0,True,28.35086519718099,1.0,7.0,2.0,0.0,3.0,1.0,0.0,1.0,2.0,2.0,1.0,2585,8,9.875,51.83873106060606
1733,1007190.0,True,12.5,0.0,4.0,0.0,0.0,3.0,0.0,0.0,1.0,0.0,0.0,0.0,348,3,4.333333333333333,25.916666666666668
1745,1003511.0,True,41.666666666666664,0.0,6.0,1.0,0.0,1.0,3.0,2.0,1.0,0.0,0.0,0.0,2340,6,5.666666666666667,18.51590909090909
1751,890424.0,True,11.421052631578949,1.0,1.0,3.0,0.0,1.0,0.0,0.0,0.0,3.0,0.0,1.0,2659,4,7.0,25.772916666666667
1756,991923.0,True,40.1,0.0,3.0,2.0,0.0,0.0,2.0,1.0,1.0,1.0,0.0,0.0,2437,4,6.75,47.92743506493507
1766,995114.0,True,16.727272727272727,0.0,11.0,0.0,0.0,0.0,1.0,1.0,5.0,4.0,0.0,0.0,2121,10,5.8,8.11095238095238
1769,835617.0,True,26.1,1.0,0.0,1.0,0.0,0.0,1.0,0.0,0.0,0.0,0.0,1.0,714,1,14.0,47.142857142857146
1772,856262.0,True,18.41176470588235,0.0,0.0,2.0,0.0,2.0,0.0,0.0,0.0,0.0,0.0,0.0,531,1,10.0,25.9
1773,960851.0,True,18.5,0.0,3.0,8.0,0.0,0.0,3.0,2.0,1.0,1.0,2.0,2.0,2000,10,12.4,30.476169218675608
1775,937863.0,True,11.755012600787827,2.0,13.0,10.0,0.0,1.0,2.0,11.0,8.0,2.0,0.0,1.0,2344,22,7.954545454545454,45.45184194890077
1779,906240.0,True,4.5,0.0,2.0,0.0,1.0,1.0,0.0,0.0,0.0,0.0,0.0,0.0,434,1,4.0,22.5
1781,985077.0,True,8.258064516129032,2.0,0.0,1.0,0.0,1.0,0.0,2.0,0.0,0.0,0.0,0.0,1286,2,15.0,32.604166666666664
1785,971446.0,True,13.399999999999999,0.0,2.0,1.0,0.0,1.0,1.0,1.0,0.0,0.0,0.0,0.0,1745,2,9.0,22.506493506493506
1786,989844.0,True,18.5,0.0,2.0,2.0,0.0,0.0,0.0,2.0,2.0,0.0,0.0,0.0,509,3,11.0,33.794871794871796
1790,735850.0,True,27.066666666666663,0.0,2.0,1.0,0.0,1.0,0.0,0.0,1.0,0.0,1.0,0.0,1265,2,4.5,30.125
1791,943379.0,True,14.041056888936193,0.0,6.0,0.0,0.0,3.0,2.0,1.0,0.0,0.0,0.0,0.0,929,4,4.5,24.35
1794,667129.0,True,16.2,2.0,1.0,1.0,0.0,1.0,1.0,1.0,1.0,0.0,0.0,0.0,1178,3,6.666666666666667,28.90740740740741
1796,952950.0,True,110.6,0.0,2.0,0.0,0.0,0.0,2.0,0.0,0.0,0.0,0.0,0.0,385,1,9.0,56.22222222222222
1801,1017702.0,True,16.379782790309108,2.0,0.0,1.0,0.0,2.0,0.0,1.0,0.0,0.0,0.0,0.0,317,1,8.0,47.0
1803,938008.0,True,45.142857142857146,0.0,6.0,1.0,0.0,1.0,2.0,0.0,1.0,2.0,1.0,0.0,2023,6,5.5,16.164285714285715
1805,890260.0,True,14.213942986169913,0.0,1.0,2.0,0.0,0.0,2.0,0.0,0.0,0.0,0.0,1.0,2345,1,13.0,7.769230769230769
1815,979413.0,True,3.388888888888889,1.0,0.0,1.0,0.0,1.0,1.0,0.0,0.0,0.0,0.0,0.0,2302,1,8.0,35.125
1816,790483.0,True,14.727272727272728,2.0,1.0,2.0,0.0,1.0,1.0,1.0,1.0,0.0,1.0,0.0,315,4,14.0,25.013591800356505
1821,369914.0,True,16.82791922739245,2.0,0.0,4.0,0.0,2.0,0.0,2.0,0.0,0.0,2.0,0.0,2205,4,9.75,36.40327380952381
1839,1041138.0,True,16.571428571428573,0.0,1.0,1.0,0.0,2.0,0.0,0.0,0.0,0.0,0.0,0.0,646,1,8.0,28.125
1845,583386.0,True,18.823529411764707,0.0,0.0,5.0,0.0,1.0,1.0,1.0,0.0,2.0,0.0,0.0,434,4,9.0,19.447222222222223
1846,727590.0,True,57.0,0.0,3.0,1.0,0.0,0.0,0.0,1.0,0.0,1.0,1.0,1.0,659,3,7.666666666666667,84.46666666666667
1848,684030.0,True,31.0,0.0,1.0,1.0,0.0,0.0,1.0,1.0,0.0,0.0,0.0,0.0,470,1,6.0,16.333333333333332
1849,543393.0,True,24.90909090909091,0.0,2.0,2.0,0.0,1.0,0.0,0.0,1.0,0.0,1.0,1.0,2512,3,6.0,18.26388888888889
1852,1031128.0,True,3.12,0.0,2.0,1.0,0.0,2.0,1.0,0.0,0.0,0.0,0.0,0.0,352,2,9.0,14.839285714285714
1854,627319.0,True,8.11111111111111,0.0,2.0,1.0,0.0,1.0,0.0,0.0,1.0,1.0,0.0,0.0,1261,2,10.5,15.822727272727274
1862,544791.0,True,13.923076923076923,2.0,7.0,2.0,0.0,2.0,0.0,1.0,0.0,2.0,3.0,3.0,2484,10,6.9,27.957896825396823
1868,696333.0,True,26.133333333333333,0.0,0.0,2.0,0.0,0.0,1.0,0.0,1.0,0.0,0.0,0.0,2298,1,17.0,3.7058823529411766
1872,541421.0,True,19.058823529411764,4.0,5.0,4.0,0.0,0.0,0.0,6.0,0.0,3.0,2.0,2.0,2386,12,13.25,41.06093073593074
1895,978411.0,True,35.45,0.0,3.0,3.0,0.0,0.0,5.0,0.0,1.0,0.0,0.0,0.0,2563,5,13.6,19.391773504273505
1900,988119.0,True,12.748976365709549,1.0,11.0,7.0,0.0,1.0,4.0,2.0,2.0,3.0,5.0,2.0,2319,15,8.733333333333333,40.48341928602799
1909,732777.0,True,25.4,3.0,3.0,1.0,0.0,1.0,0.0,2.0,0.0,1.0,2.0,1.0,589,6,14.333333333333334,31.114881850175966
1930,294504.0,True,22.6,3.0,5.0,7.0,0.0,0.0,0.0,4.0,0.0,2.0,3.0,6.0,2197,14,13.5,37.15430900621118
1940,980007.0,True,14.866666666666667,0.0,2.0,4.0,0.0,1.0,1.0,0.0,0.0,3.0,1.0,0.0,750,5,7.6,35.26713286713287
1943,999353.0,True,2.8,0.0,1.0,3.0,0.0,1.0,1.0,0.0,2.0,0.0,0.0,0.0,2084,3,10.333333333333334,22.319825708061
1952,929036.0,True,12.61111111111111,1.0,2.0,3.0,0.0,0.0,0.0,2.0,0.0,2.0,0.0,2.0,2597,5,10.4,60.47155844155843
1953,988826.0,True,16.764705882352942,0.0,2.0,0.0,0.0,0.0,0.0,2.0,0.0,0.0,0.0,0.0,230,1,4.0,26.0
1956,948621.0,True,34.8,0.0,4.0,2.0,0.0,0.0,0.0,1.0,0.0,1.0,0.0,4.0,1118,5,8.8,6.475
1959,863245.0,True,16.457110363684762,1.0,3.0,3.0,0.0,0.0,1.0,2.0,0.0,0.0,3.0,1.0,2105,5,6.6,74.64047619047619
1982,894514.0,True,16.473684210526315,2.0,2.0,1.0,0.0,0.0,1.0,2.0,0.0,1.0,1.0,0.0,1616,4,7.0,17.422023809523807
1983,966131.0,True,26.424489795918372,1.0,26.0,3.0,0.0,0.0,0.0,8.0,6.0,10.0,4.0,2.0,2597,28,5.035714285714286,28.0438350340136
1994,920657.0,True,11.670145524677828,0.0,18.0,5.0,2.0,0.0,12.0,2.0,0.0,3.0,1.0,3.0,2711,20,6.25,12.175238095238097
1995,820095.0,True,15.8,0.0,5.0,1.0,0.0,0.0,3.0,1.0,2.0,0.0,0.0,0.0,756,5,5.2,36.47142857142857
2000,935880.0,True,12.53846153846154,0.0,7.0,2.0,0.0,0.0,2.0,4.0,0.0,1.0,1.0,1.0,1393,8,5.375,32.14642857142857
2009,768361.0,True,30.75044507278249,2.0,3.0,2.0,0.0,0.0,2.0,1.0,2.0,1.0,0.0,1.0,1755,5,10.8,43.04238095238095
2028,914440.0,True,24.62986932938856,3.0,12.0,4.0,0.0,1.0,1.0,9.0,1.0,5.0,0.0,2.0,2631,17,7.0,34.482306255835674
2030,833904.0,True,46.6,1.0,0.0,2.0,0.0,0.0,0.0,3.0,0.0,0.0,0.0,0.0,692,2,9.5,18.4
2034,617230.0,True,6.689655172413793,0.0,5.0,3.0,0.0,0.0,0.0,2.0,2.0,1.0,1.0,2.0,895,7,7.428571428571429,13.147619047619047
2039,696948.0,True,23.307692307692307,1.0,0.0,1.0,0.0,0.0,1.0,0.0,1.0,0.0,0.0,0.0,331,1,8.0,32.25
2046,509046.0,True,33.0,2.0,6.0,4.0,0.0,0.0,4.0,1.0,2.0,3.0,0.0,2.0,2520,11,11.545454545454545,38.59083747135218
2055,910172.0,True,4.023809523809524,2.0,1.0,1.0,0.0,0.0,0.0,1.0,0.0,3.0,0.0,0.0,2345,3,9.333333333333334,73.0
2056,796602.0,True,4.759999999999999,0.0,6.0,4.0,0.0,0.0,1.0,1.0,1.0,2.0,4.0,1.0,1205,9,14.666666666666666,17.12912992357437
2064,690788.0,True,11.2,0.0,1.0,1.0,0.0,0.0,2.0,0.0,0.0,0.0,0.0,0.0,1715,1,15.0,33.53333333333333
2076,725868.0,True,4.294117647058823,0.0,2.0,0.0,0.0,0.0,1.0,0.0,0.0,0.0,1.0,0.0,471,1,16.0,17.3125
2082,1000372.0,True,3.142857142857143,0.0,4.0,2.0,0.0,0.0,3.0,2.0,1.0,0.0,0.0,0.0,1105,5,13.2,11.03281512605042
2090,952189.0,True,25.53846153846154,0.0,0.0,3.0,0.0,0.0,0.0,2.0,0.0,1.0,0.0,0.0,2555,2,9.5,40.705128205128204
2101,377173.0,True,18.2,1.0,2.0,5.0,0.0,0.0,0.0,2.0,0.0,2.0,0.0,4.0,1973,7,10.0,44.68275613275613
2118,927263.0,True,13.133333333333331,1.0,0.0,2.0,0.0,0.0,0.0,3.0,0.0,0.0,0.0,0.0,364,2,9.5,41.955555555555556
2120,1026084.0,True,11.623015873015873,0.0,3.0,1.0,0.0,0.0,3.0,1.0,0.0,0.0,0.0,0.0,792,2,11.5,25.42156862745098
2130,910398.0,True,4.142857142857143,0.0,3.0,0.0,1.0,0.0,1.0,1.0,0.0,0.0,0.0,0.0,649,2,6.5,7.555555555555555
2147,775448.0,True,20.599999999999998,0.0,6.0,0.0,0.0,0.0,0.0,3.0,1.0,0.0,1.0,1.0,1303,5,6.6,23.723809523809525
2148,404075.0,True,4.357142857142857,0.0,2.0,0.0,1.0,0.0,0.0,0.0,0.0,0.0,1.0,0.0,812,1,9.0,2.4444444444444446
2151,711812.0,True,19.0,0.0,1.0,1.0,0.0,0.0,0.0,1.0,1.0,0.0,0.0,0.0,161,1,7.0,26.571428571428573
2156,1016627.0,True,13.090909090909092,0.0,1.0,2.0,0.0,0.0,0.0,2.0,1.0,0.0,0.0,0.0,992,2,9.0,56.166666666666664
2166,897113.0,True,14.187499999999998,1.0,0.0,2.0,0.0,0.0,2.0,0.0,0.0,0.0,1.0,0.0,663,2,13.0,27.03846153846154
2170,911257.0,True,6.0,1.0,1.0,1.0,0.0,0.0,0.0,2.0,1.0,0.0,0.0,0.0,1745,2,8.0,25.0
2197,583464.0,True,16.136363636363637,2.0,1.0,1.0,0.0,0.0,1.0,0.0,1.0,0.0,2.0,0.0,1843,3,8.333333333333334,62.39285714285714
2202,336579.0,True,7.076923076923077,1.0,0.0,1.0,0.0,0.0,0.0,1.0,0.0,1.0,0.0,0.0,1430,1,8.0,38.375
2219,918705.0,True,40.0,0.0,12.0,2.0,0.0,0.0,1.0,4.0,3.0,1.0,0.0,5.0,2724,13,8.153846153846153,27.448787625418067
2229,992179.0,True,18.365312107247593,0.0,5.0,0.0,0.0,3.0,1.0,0.0,0.0,1.0,0.0,0.0,1967,3,5.666666666666667,10.948412698412698
2233,861951.0,True,7.948717948717949,0.0,2.0,4.0,0.0,0.0,0.0,1.0,0.0,3.0,2.0,0.0,835,5,12.8,17.122699849170438
2240,973271.0,True,20.170159232072276,1.0,1.0,2.0,0.0,0.0,3.0,0.0,1.0,0.0,0.0,0.0,2085,2,8.0,31.55
2254,715043.0,True,6.555555555555555,2.0,2.0,0.0,0.0,0.0,0.0,3.0,0.0,0.0,1.0,0.0,933,3,9.0,23.135353535353534
2269,702282.0,True,9.1,0.0,2.0,1.0,0.0,0.0,1.0,1.0,0.0,0.0,1.0,0.0,380,2,12.5,10.8
2276,845932.0,True,19.444444444444443,0.0,3.0,3.0,0.0,0.0,1.0,3.0,1.0,0.0,0.0,1.0,2470,5,7.0,58.25333333333333
2281,915628.0,True,14.058823529411764,0.0,3.0,2.0,0.0,0.0,1.0,0.0,0.0,1.0,0.0,3.0,860,4,8.75,8.112179487179489
2286,925739.0,True,24.857142857142858,2.0,8.0,4.0,0.0,0.0,2.0,2.0,0.0,1.0,3.0,6.0,2346,13,9.76923076923077,55.84402377411428
2287,632901.0,True,11.928571428571429,1.0,3.0,1.0,0.0,0.0,1.0,0.0,1.0,2.0,1.0,0.0,1223,4,7.75,18.702380952380953
2308,852091.0,True,24.437500000000004,0.0,3.0,2.0,0.0,0.0,2.0,1.0,2.0,0.0,0.0,0.0,981,4,9.25,44.690625
2314,767176.0,True,55.0,0.0,6.0,3.0,0.0,0.0,1.0,1.0,0.0,0.0,3.0,4.0,2359,8,8.625,69.1224587912088
2323,898722.0,True,10.7,1.0,3.0,0.0,0.0,0.0,2.0,2.0,0.0,0.0,0.0,0.0,2662,3,10.0,12.551851851851852
2330,507712.0,True,28.714285714285715,0.0,2.0,0.0,0.0,0.0,1.0,0.0,0.0,1.0,0.0,0.0,307,1,9.0,3.888888888888889
2338,412420.0,True,19.705882352941178,0.0,2.0,0.0,0.0,0.0,1.0,0.0,1.0,0.0,0.0,0.0,467,1,4.0,14.25
2355,368107.0,True,16.029418451350963,0.0,6.0,1.0,0.0,1.0,4.0,2.0,0.0,0.0,0.0,0.0,358,3,5.666666666666667,34.86111111111111
2372,881510.0,True,4.666666666666667,0.0,1.0,2.0,0.0,1.0,0.0,0.0,2.0,0.0,0.0,0.0,596,2,12.5,45.65
2409,982016.0,True,4.833333333333333,0.0,3.0,1.0,0.0,0.0,1.0,0.0,2.0,0.0,0.0,1.0,2455,3,6.666666666666667,31.625757575757575
2414,1002172.0,True,27.33333333333333,0.0,2.0,1.0,0.0,0.0,1.0,0.0,1.0,1.0,0.0,0.0,751,2,4.5,26.375
2418,610473.0,True,17.58283529336161,0.0,3.0,2.0,0.0,0.0,1.0,1.0,0.0,1.0,2.0,0.0,2322,3,7.666666666666667,13.883597883597881
2470,905405.0,True,25.09917738384892,0.0,2.0,2.0,0.0,0.0,1.0,1.0,2.0,0.0,0.0,0.0,1939,2,4.5,30.75
2496,415598.0,True,25.136363636363637,1.0,4.0,5.0,0.0,0.0,0.0,3.0,1.0,1.0,2.0,3.0,958,9,11.88888888888889,25.781712962962963
2508,1016390.0,True,3.0,0.0,2.0,0.0,0.0,0.0,0.0,2.0,0.0,0.0,0.0,0.0,693,1,6.0,50.833333333333336
2527,800848.0,True,19.555555555555557,0.0,1.0,3.0,0.0,0.0,3.0,1.0,0.0,0.0,0.0,0.0,1569,3,8.333333333333334,36.08690476190476
2528,1028323.0,True,13.125,0.0,2.0,0.0,0.0,1.0,1.0,0.0,0.0,0.0,0.0,0.0,351,1,9.0,17.0
2536,637434.0,True,43.5,0.0,6.0,3.0,0.0,0.0,1.0,1.0,1.0,2.0,2.0,2.0,2270,8,6.625,48.04548160173161
2552,1008383.0,True,21.0,0.0,1.0,2.0,0.0,0.0,2.0,0.0,1.0,0.0,0.0,0.0,1055,2,4.0,75.75
2555,965168.0,True,7.470588235294118,0.0,6.0,4.0,0.0,0.0,1.0,2.0,1.0,2.0,2.0,2.0,2612,9,8.333333333333334,21.561199294532624
2573,300521.0,True,36.13636363636363,2.0,1.0,3.0,0.0,0.0,0.0,1.0,0.0,5.0,0.0,0.0,1371,5,7.8,25.635
2577,752566.0,True,6.5,0.0,16.0,0.0,0.0,0.0,1.0,4.0,1.0,3.0,5.0,2.0,2730,15,5.666666666666667,10.171269841269842
2584,553992.0,True,79.57142857142857,1.0,3.0,3.0,0.0,0.0,2.0,2.0,0.0,1.0,1.0,1.0,883,6,12.166666666666666,32.623270248270245
2604,917195.0,True,8.4,0.0,1.0,6.0,0.0,0.0,2.0,2.0,0.0,2.0,1.0,0.0,1605,6,10.333333333333334,17.890686274509804
2617,707159.0,True,4.166666666666667,0.0,3.0,1.0,1.0,0.0,1.0,0.0,1.0,0.0,0.0,1.0,1302,3,6.666666666666667,20.403703703703705
2623,469633.0,True,7.611111111111112,1.0,6.0,0.0,0.0,1.0,1.0,0.0,0.0,2.0,2.0,1.0,845,6,6.166666666666667,33.272420634920636
2629,877487.0,True,10.5,0.0,5.0,2.0,0.0,0.0,0.0,1.0,0.0,3.0,1.0,2.0,1661,6,8.666666666666666,11.527777777777779
2631,981010.0,True,6.142857142857143,0.0,4.0,0.0,0.0,0.0,0.0,2.0,1.0,0.0,1.0,0.0,723,3,5.666666666666667,10.503968253968255
2658,538475.0,True,8.714285714285714,0.0,1.0,1.0,0.0,0.0,1.0,1.0,0.0,0.0,0.0,0.0,1605,1,9.0,44.888888888888886
2671,466880.0,True,11.058823529411764,0.0,2.0,2.0,0.0,0.0,1.0,0.0,0.0,1.0,0.0,2.0,462,3,10.0,54.72948717948719
2675,1026991.0,True,5.625,0.0,1.0,1.0,0.0,0.0,0.0,2.0,0.0,0.0,0.0,0.0,565,1,9.0,23.0
2710,935307.0,True,8.75,0.0,2.0,1.0,0.0,0.0,0.0,2.0,1.0,0.0,0.0,0.0,2637,2,7.5,22.6
2714,979219.0,True,2.5,0.0,12.0,0.0,0.0,0.0,4.0,6.0,1.0,0.0,1.0,0.0,1776,11,4.818181818181818,10.233116883116885
2716,791641.0,True,8.076923076923077,1.0,1.0,0.0,0.0,0.0,1.0,0.0,0.0,0.0,1.0,0.0,160,1,12.0,38.666666666666664
2719,900764.0,True,5.714285714285714,0.0,2.0,3.0,0.0,0.0,1.0,1.0,1.0,0.0,1.0,1.0,2526,4,9.5,47.10416666666667
2744,477560.0,True,8.25,1.0,0.0,1.0,0.0,0.0,1.0,0.0,0.0,0.0,0.0,1.0,1059,1,14.0,16.571428571428573
2766,384877.0,True,9.5,0.0,2.0,2.0,0.0,0.0,2.0,2.0,0.0,0.0,0.0,0.0,1339,3,8.666666666666666,21.545454545454547
2797,966813.0,True,60.22222222222222,0.0,4.0,0.0,0.0,0.0,0.0,2.0,0.0,0.0,1.0,1.0,2143,3,7.666666666666667,36.08888888888889
2816,660314.0,True,6.3076923076923075,0.0,3.0,1.0,0.0,0.0,1.0,0.0,1.0,1.0,0.0,1.0,2576,3,8.333333333333334,12.215151515151517
2826,999610.0,True,11.042328042328043,0.0,1.0,3.0,0.0,0.0,1.0,3.0,0.0,0.0,0.0,0.0,2588,2,10.5,25.616666666666667
2835,872737.0,True,20.60789980732177,0.0,2.0,1.0,0.0,0.0,1.0,1.0,0.0,1.0,0.0,0.0,1041,1,12.0,19.833333333333332
2848,464766.0,True,6.62962962962963,0.0,2.0,1.0,0.0,0.0,2.0,0.0,0.0,1.0,0.0,0.0,2065,2,9.5,28.016666666666666
2854,1017802.0,True,28.836598184424272,0.0,2.0,1.0,0.0,0.0,0.0,3.0,0.0,0.0,0.0,0.0,316,1,5.0,68.4
2860,1006587.0,True,8.833333333333334,0.0,0.0,2.0,0.0,0.0,1.0,1.0,0.0,0.0,0.0,0.0,1615,1,5.0,4.0
2890,921192.0,True,6.2,0.0,2.0,0.0,0.0,0.0,0.0,2.0,0.0,0.0,0.0,0.0,1436,1,4.0,17.5
2891,622152.0,True,36.333333333333336,1.0,3.0,1.0,0.0,0.0,1.0,0.0,0.0,0.0,0.0,4.0,796,4,7.5,8.508333333333333
2892,859194.0,True,10.142857142857142,2.0,3.0,2.0,0.0,0.0,2.0,0.0,1.0,2.0,1.0,1.0,2591,6,9.666666666666666,31.38249838396897
2896,970576.0,True,13.699134199134201,0.0,10.0,0.0,0.0,0.0,2.0,8.0,0.0,0.0,0.0,0.0,1853,5,7.2,15.988888888888889
2901,941095.0,True,8.727272727272727,0.0,1.0,1.0,0.0,1.0,1.0,0.0,0.0,0.0,0.0,0.0,1695,1,6.0,21.5
2925,908330.0,True,3.75,0.0,3.0,0.0,0.0,1.0,1.0,0.0,1.0,0.0,0.0,0.0,398,2,10.0,10.1875
2929,816785.0,True,6.162162162162162,2.0,0.0,0.0,0.0,0.0,0.0,2.0,0.0,0.0,0.0,0.0,1167,1,14.0,16.571428571428573
2937,790069.0,True,18.615384615384617,0.0,1.0,1.0,0.0,0.0,1.0,1.0,0.0,0.0,0.0,0.0,139,1,6.0,9.166666666666666
2940,948620.0,True,25.32663500182682,0.0,3.0,5.0,0.0,0.0,1.0,3.0,1.0,1.0,0.0,2.0,1658,6,11.5,22.464430014430018
2959,716946.0,True,34.825056116722784,0.0,1.0,4.0,0.0,0.0,4.0,0.0,0.0,0.0,1.0,0.0,2423,3,10.333333333333334,17.301851851851854
2989,897293.0,True,15.37037037037037,6.0,0.0,1.0,0.0,0.0,0.0,7.0,0.0,0.0,0.0,0.0,1805,6,4.666666666666667,16.417857142857144
2999,912236.0,True,105.25,0.0,1.0,1.0,0.0,0.0,0.0,2.0,0.0,0.0,0.0,0.0,326,1,9.0,6.777777777777778
3003,855007.0,True,15.23076923076923,0.0,2.0,0.0,0.0,1.0,1.0,0.0,0.0,0.0,0.0,0.0,1758,1,5.0,10.8
3009,880508.0,True,16.375,0.0,2.0,4.0,0.0,0.0,0.0,1.0,0.0,1.0,2.0,2.0,2498,5,8.8,52.265454545454546
3013,970371.0,True,20.11111111111111,0.0,2.0,2.0,0.0,0.0,1.0,1.0,1.0,1.0,0.0,0.0,1850,3,9.0,23.132936507936506
3057,546524.0,True,21.636363636363637,0.0,3.0,0.0,0.0,0.0,0.0,1.0,0.0,1.0,1.0,0.0,443,2,9.0,61.2375
3063,1011127.0,True,30.66666666666667,0.0,1.0,5.0,0.0,0.0,2.0,3.0,1.0,0.0,0.0,0.0,1491,5,8.6,39.05380952380953
3090,906540.0,True,1.4444444444444444,0.0,2.0,0.0,0.0,0.0,1.0,0.0,0.0,0.0,0.0,1.0,778,1,10.0,21.9
3115,1025283.0,True,4.666666666666667,0.0,4.0,1.0,0.0,2.0,2.0,1.0,0.0,0.0,0.0,0.0,1010,4,5.5,16.895833333333332
3148,819976.0,True,3.8571428571428568,0.0,2.0,1.0,0.0,1.0,1.0,0.0,0.0,0.0,1.0,0.0,2169,2,8.5,11.8
3162,890518.0,True,30.300000000000004,0.0,1.0,1.0,0.0,0.0,0.0,1.0,0.0,0.0,0.0,1.0,226,1,5.0,98.6
3180,896510.0,True,6.0,1.0,1.0,0.0,0.0,0.0,1.0,1.0,0.0,0.0,0.0,0.0,1288,1,22.0,23.681818181818183
3197,963377.0,True,45.5,1.0,1.0,0.0,0.0,1.0,0.0,0.0,0.0,0.0,0.0,1.0,834,1,14.0,9.571428571428571
3199,1009142.0,True,30.75,0.0,2.0,2.0,0.0,0.0,0.0,1.0,3.0,0.0,0.0,0.0,1014,3,6.0,31.736111111111114
3217,1002010.0,True,7.387096774193549,0.0,1.0,4.0,0.0,0.0,1.0,0.0,1.0,3.0,0.0,0.0,2584,4,13.5,61.132440476190474
3221,922947.0,True,7.173913043478261,0.0,2.0,0.0,0.0,0.0,1.0,0.0,0.0,0.0,0.0,1.0,506,1,5.0,12.8
3229,962356.0,True,9.0,2.0,4.0,5.0,0.0,0.0,2.0,3.0,0.0,4.0,2.0,0.0,2288,10,8.0,27.806673881673884
3263,686859.0,True,23.428571428571427,0.0,3.0,0.0,0.0,0.0,0.0,1.0,0.0,2.0,0.0,0.0,2058,2,5.0,53.875
3267,984353.0,True,24.90909090909091,0.0,0.0,2.0,0.0,0.0,2.0,0.0,0.0,0.0,0.0,0.0,223,1,16.0,20.5625
3271,912819.0,True,24.0,0.0,3.0,0.0,0.0,0.0,2.0,0.0,0.0,0.0,0.0,1.0,2529,2,7.0,13.322222222222221
3292,948226.0,True,13.933333333333334,1.0,1.0,1.0,0.0,0.0,1.0,1.0,0.0,1.0,0.0,0.0,2435,2,13.5,22.769886363636363
3313,450270.0,True,34.75,0.0,4.0,0.0,0.0,0.0,2.0,2.0,0.0,0.0,0.0,0.0,364,3,4.333333333333333,24.7
3324,980472.0,True,6.4375,1.0,1.0,0.0,0.0,0.0,1.0,1.0,0.0,0.0,0.0,0.0,1994,1,6.0,22.166666666666668
3337,1001100.0,True,4.0,0.0,3.0,0.0,0.0,0.0,3.0,0.0,0.0,0.0,0.0,0.0,2737,2,4.5,18.4
3341,1011969.0,True,83.4,0.0,2.0,0.0,0.0,0.0,0.0,2.0,0.0,0.0,0.0,0.0,344,1,4.0,15.5
3346,939788.0,True,22.285714285714285,0.0,1.0,2.0,0.0,0.0,0.0,2.0,0.0,0.0,1.0,0.0,516,2,7.0,44.45
3360,1024805.0,True,3.973684210526316,0.0,5.0,0.0,0.0,0.0,4.0,1.0,0.0,0.0,0.0,0.0,2262,4,6.25,10.125
3393,606749.0,True,32.75,0.0,3.0,2.0,0.0,0.0,3.0,0.0,2.0,0.0,0.0,0.0,1933,4,9.25,19.308333333333334
3425,898567.0,True,2.75,0.0,1.0,1.0,0.0,0.0,1.0,1.0,0.0,0.0,0.0,0.0,442,1,12.0,19.666666666666668
3451,1021044.0,True,59.166666666666664,0.0,1.0,1.0,0.0,0.0,0.0,2.0,0.0,0.0,0.0,0.0,415,1,21.0,21.38095238095238
3521,975903.0,True,10.444444444444445,0.0,2.0,0.0,0.0,1.0,1.0,0.0,0.0,0.0,0.0,0.0,449,1,19.0,9.526315789473685
3534,1044594.0,True,13.346153846153847,1.0,0.0,1.0,0.0,2.0,0.0,0.0,0.0,0.0,0.0,0.0,336,1,12.0,28.666666666666668
3538,987864.0,True,4.521739130434782,1.0,0.0,1.0,0.0,1.0,1.0,0.0,0.0,0.0,0.0,0.0,1197,1,11.0,41.18181818181818
3550,987065.0,True,9.833333333333334,0.0,1.0,1.0,0.0,0.0,2.0,0.0,0.0,0.0,0.0,0.0,726,1,9.0,31.88888888888889
3557,933102.0,True,20.533333333333335,2.0,1.0,0.0,0.0,0.0,0.0,2.0,0.0,0.0,1.0,0.0,306,2,6.5,18.2
3575,851569.0,True,9.25,0.0,6.0,3.0,0.0,1.0,0.0,2.0,1.0,1.0,3.0,1.0,2231,8,9.375,14.256277056277057
3649,864959.0,True,107.5,0.0,1.0,2.0,0.0,0.0,0.0,2.0,0.0,1.0,0.0,0.0,310,2,6.5,131.81944444444446
3657,985199.0,True,30.933333333333334,0.0,1.0,1.0,0.0,0.0,0.0,1.0,0.0,0.0,1.0,0.0,467,1,7.0,5.571428571428571
3677,896465.0,True,19.466666666666665,0.0,3.0,0.0,0.0,0.0,1.0,2.0,0.0,0.0,0.0,0.0,1184,2,4.5,8.0
3684,967654.0,True,11.5,0.0,4.0,1.0,0.0,0.0,1.0,0.0,2.0,0.0,2.0,0.0,1798,4,4.75,30.892857142857142
3709,725473.0,True,5.7272727272727275,0.0,2.0,0.0,0.0,1.0,0.0,0.0,1.0,0.0,0.0,0.0,359,1,5.0,18.4
3723,1012582.0,True,3.888888888888889,0.0,2.0,1.0,0.0,0.0,1.0,2.0,0.0,0.0,0.0,0.0,386,2,4.5,18.4
3741,776552.0,True,9.747482191107837,0.0,9.0,4.0,0.0,1.0,4.0,4.0,2.0,2.0,0.0,0.0,2484,11,10.636363636363637,18.739298764027073
3751,675774.0,True,14.166666666666666,0.0,2.0,0.0,0.0,0.0,0.0,2.0,0.0,0.0,0.0,0.0,470,1,6.0,139.5
3763,795058.0,True,53.75,3.0,1.0,0.0,0.0,0.0,0.0,1.0,0.0,1.0,2.0,0.0,1273,3,9.333333333333334,115.67361111111113
3781,866049.0,True,17.571428571428573,1.0,1.0,1.0,0.0,0.0,0.0,1.0,0.0,0.0,1.0,1.0,2183,2,16.5,20.568181818181817
3789,1019908.0,True,9.571428571428571,2.0,1.0,0.0,0.0,0.0,0.0,3.0,0.0,0.0,0.0,0.0,1594,2,21.0,33.228125
3827,450234.0,True,3.0,0.0,2.0,0.0,0.0,0.0,2.0,0.0,0.0,0.0,0.0,0.0,1254,1,5.0,10.0
3829,655448.0,True,24.4,1.0,0.0,1.0,0.0,0.0,0.0,1.0,1.0,0.0,0.0,0.0,783,1,11.0,20.181818181818183
3880,1021909.0,True,32.142857142857146,1.0,1.0,2.0,0.0,0.0,0.0,4.0,0.0,0.0,0.0,0.0,1065,3,7.666666666666667,70.92222222222222
3908,772995.0,True,9.35897435897436,1.0,0.0,2.0,0.0,0.0,0.0,1.0,0.0,0.0,1.0,1.0,989,2,8.0,54.7063492063492
3926,945267.0,True,11.761904761904763,0.0,1.0,1.0,0.0,0.0,0.0,1.0,0.0,0.0,0.0,1.0,1365,1,9.0,77.55555555555556
3937,1023669.0,True,4.666666666666667,0.0,2.0,0.0,0.0,0.0,0.0,2.0,0.0,0.0,0.0,0.0,302,1,6.0,5.833333333333333
4094,582921.0,True,11.642857142857142,0.0,1.0,2.0,0.0,0.0,0.0,3.0,0.0,0.0,0.0,0.0,1699,2,6.0,48.1875
4102,336964.0,True,24.82758620689655,0.0,1.0,2.0,0.0,0.0,0.0,2.0,0.0,0.0,0.0,1.0,1168,2,12.5,18.272435897435898
4135,1011391.0,True,9.363636363636363,0.0,2.0,0.0,0.0,0.0,2.0,0.0,0.0,0.0,0.0,0.0,2623,1,6.0,15.333333333333334
4171,926293.0,True,2.8421052631578947,0.0,2.0,1.0,0.0,2.0,1.0,0.0,0.0,0.0,0.0,0.0,1261,2,7.0,12.3
4183,200254.0,True,50.666666666666664,0.0,5.0,3.0,0.0,0.0,0.0,1.0,1.0,2.0,1.0,3.0,630,7,7.142857142857143,24.295918367346935
4213,485377.0,True,37.642857142857146,0.0,2.0,0.0,0.0,0.0,0.0,1.0,1.0,0.0,0.0,0.0,742,1,4.0,9.25
4228,949623.0,True,21.428571428571427,0.0,0.0,2.0,0.0,0.0,1.0,0.0,0.0,0.0,0.0,1.0,1434,1,13.0,26.307692307692307
4238,421531.0,True,22.0,1.0,1.0,0.0,0.0,0.0,2.0,0.0,0.0,0.0,0.0,0.0,1150,1,12.0,37.333333333333336
4240,993873.0,True,13.0,0.0,1.0,1.0,0.0,1.0,1.0,0.0,0.0,0.0,0.0,0.0,1689,1,13.0,19.384615384615383
4251,632909.0,True,68.75,1.0,1.0,1.0,0.0,0.0,0.0,2.0,0.0,0.0,1.0,0.0,735,2,17.5,20.902298850574713
4267,292923.0,True,15.899828541281984,0.0,0.0,3.0,0.0,0.0,1.0,1.0,0.0,0.0,0.0,1.0,652,1,6.0,18.333333333333332
4304,878265.0,True,9.142857142857142,0.0,1.0,1.0,0.0,0.0,0.0,1.0,1.0,0.0,0.0,0.0,301,1,14.0,4.857142857142857
4331,975981.0,True,7.571428571428571,0.0,0.0,2.0,0.0,0.0,1.0,1.0,0.0,0.0,0.0,0.0,1022,1,15.0,23.533333333333335
4364,971826.0,True,15.272727272727273,0.0,1.0,1.0,0.0,0.0,2.0,0.0,0.0,0.0,0.0,0.0,1027,1,5.0,18.4
4378,1019886.0,True,9.722222222222223,0.0,1.0,2.0,0.0,0.0,1.0,2.0,0.0,0.0,0.0,0.0,1087,2,9.5,10.48076923076923
4452,911731.0,True,9.4,0.0,2.0,0.0,0.0,0.0,0.0,1.0,0.0,1.0,0.0,0.0,1020,1,4.0,22.0
4499,1008039.0,True,4.277777777777778,0.0,1.0,1.0,0.0,0.0,2.0,0.0,0.0,0.0,0.0,0.0,882,1,7.0,33.714285714285715
4590,699132.0,True,43.375,0.0,1.0,4.0,0.0,0.0,1.0,1.0,1.0,2.0,0.0,0.0,1834,4,12.25,26.959193438140808
4643,1015495.0,True,18.428571428571427,0.0,3.0,0.0,0.0,0.0,2.0,1.0,0.0,0.0,0.0,0.0,372,2,5.5,7.216666666666667
4978,781815.0,True,11.73684210526316,0.0,1.0,1.0,0.0,0.0,0.0,1.0,0.0,0.0,0.0,1.0,960,1,5.0,3.6
5099,423157.0,True,15.0,0.0,1.0,1.0,0.0,0.0,1.0,0.0,1.0,0.0,0.0,0.0,987,1,7.0,29.571428571428573
5152,548724.0,True,6.0,0.0,2.0,0.0,0.0,0.0,2.0,0.0,0.0,0.0,0.0,0.0,881,1,10.0,15.3
